Title,Handle,Description,Vendor,Product category,Type,Tags,Published on online store,Status,SKU,Barcode,Option1 name,Option1 value,Option1 Linked To,Option2 name,Option2 value,Option2 Linked To,Option3 name,Option3 value,Option3 Linked To,Price,Compare-at price,Cost per item,Charge tax,Tax code,Unit price total measure,Unit price total measure unit,Unit price base measure,Unit price base measure unit,Inventory tracker,Inventory quantity,Continue selling when out of stock,Weight value (grams),Weight unit for display,Requires shipping,Fulfillment service,Product image URL,Image position,Image alt text,Variant image URL,Gift card,SEO title,SEO description,Color (product.metafields.shopify.color-pattern),Google Shopping / Google product category,Google Shopping / Gender,Google Shopping / Age group,Google Shopping / Manufacturer part number (MPN),Google Shopping / Ad group name,Google Shopping / Ads labels,Google Shopping / Condition,Google Shopping / Custom product,Google Shopping / Custom label 0,Google Shopping / Custom label 1,Google Shopping / Custom label 2,Google Shopping / Custom label 3,Google Shopping / Custom label 4,Diamond Shape (product.metafields.custom.diamond_shape),Diamond Colour (product.metafields.custom.diamond_colour),Diamond Clarity (product.metafields.custom.diamond_clarity),Total Carat Weight (product.metafields.custom.total_carat_weight),Setting Style (product.metafields.custom.setting_style),Made In (product.metafields.custom.made_in)
Celestia Princess Halo Drop Earrings,celestia-princess-halo-drop-earrings,"The Celestia Princess Halo Drop Earrings feature princess-cut centre diamonds framed by elegant octagonal halos, flowing into articulated drops of emerald, marquise, oval, and pear-cut diamonds. A striking statement design that combines contemporary geometry with timeless elegance.<!-- split --><p>The Celestia Princess Halo Drop Earrings are designed to celebrate exceptional craftsmanship and modern elegance. A brilliant princess-cut centre diamond is framed by a refined octagonal halo before flowing into an articulated sequence of emerald, marquise, oval, and pear-cut diamonds, creating graceful movement and remarkable brilliance.</p><p>Expertly handcrafted, each diamond is carefully selected and precisely set to maximise light while maintaining perfect balance and comfort. The articulated design allows every section to move naturally, giving the earrings an elegant fluidity that catches the light from every angle.</p><p>Available in yellow gold, white gold, and rose gold, the Celestia Princess Halo Drop Earrings are a statement of contemporary luxury, created to elevate life's most memorable occasions and become a treasured heirloom for generations.</p>",Arlena,Apparel & Accessories > Jewelry > Earrings,Earrings,"Earrings, Diamond Earrings, Drop Earrings, Halo Earrings, Princess Cut, Emerald Cut, Marquise Cut, Oval Cut, Pear Cut, Mixed Diamond Shapes, Statement Earrings, Luxury Jewellery, Bridal Jewellery, Fine Jewellery",TRUE,active,EAR0001-10KY-LAB,,Metal,10K Yellow Gold,,Diamond,Lab Grown,,,,,2490,,,TRUE,,,,,,,,deny,,,TRUE,manual,,,,,FALSE,Celestia Princess Halo Drop Earrings | Luxury Diamond Earrings,"Discover the Celestia Princess Halo Drop Earrings featuring princess, emerald, marquise, oval and pear-cut diamonds in an elegant articulated drop design.",,,,,,,,New,FALSE,,,,,,"Princess, Emerald, Marquise, Oval, Pear",,,Approx. 2.812 ct,"Halo, Claw",Australia
,celestia-princess-halo-drop-earrings,,,,,,,,EAR0001-10KY-NAT,,,10K Yellow Gold,,,Natural,,,,,3690,,,TRUE,,,,,,,,deny,,,TRUE,manual,,,,,,,,,,,,,,,,,,,,,,,,,,,
,celestia-princess-halo-drop-earrings,,,,,,,,EAR0001-10KR-LAB,,,10K Rose Gold,,,Lab Grown,,,,,5990,,,TRUE,,,,,,,,deny,,,TRUE,manual,,,,,,,,,,,,,,,,,,,,,,,,,,,
,celestia-princess-halo-drop-earrings,,,,,,,,EAR0001-10KR-NAT,,,10K Rose Gold,,,Natural,,,,,4290,,,TRUE,,,,,,,,deny,,,TRUE,manual,,,,,,,,,,,,,,,,,,,,,,,,,,,
,celestia-princess-halo-drop-earrings,,,,,,,,EAR0001-10KW-LAB,,,10K White Gold,,,Lab Grown,,,,,7090,,,TRUE,,,,,,,,deny,,,TRUE,manual,,,,,,,,,,,,,,,,,,,,,,,,,,,
,celestia-princess-halo-drop-earrings,,,,,,,,EAR0001-10KW-NAT,,,10K White Gold,,,Natural,,,,,13790,,,TRUE,,,,,,,,deny,,,TRUE,manual,,,,,,,,,,,,,,,,,,,,,,,,,,,
,celestia-princess-halo-drop-earrings,,,,,,,,EAR0001-14KY-LAB,,,14K Yellow Gold,,,Lab Grown,,,,,2490,,,TRUE,,,,,,,,deny,,,TRUE,manual,,,,,,,,,,,,,,,,,,,,,,,,,,,
,celestia-princess-halo-drop-earrings,,,,,,,,EAR0001-14KY-NAT,,,14K Yellow Gold,,,Natural,,,,,3690,,,TRUE,,,,,,,,deny,,,TRUE,manual,,,,,,,,,,,,,,,,,,,,,,,,,,,
,celestia-princess-halo-drop-earrings,,,,,,,,EAR0001-14KR-LAB,,,14K Rose Gold,,,Lab Grown,,,,,5990,,,TRUE,,,,,,,,deny,,,TRUE,manual,,,,,,,,,,,,,,,,,,,,,,,,,,,
,celestia-princess-halo-drop-earrings,,,,,,,,EAR0001-14KR-NAT,,,14K Rose Gold,,,Natural,,,,,4290,,,TRUE,,,,,,,,deny,,,TRUE,manual,,,,,,,,,,,,,,,,,,,,,,,,,,,
,celestia-princess-halo-drop-earrings,,,,,,,,EAR0001-14KW-LAB,,,14K White Gold,,,Lab Grown,,,,,7090,,,TRUE,,,,,,,,deny,,,TRUE,manual,,,,,,,,,,,,,,,,,,,,,,,,,,,
,celestia-princess-halo-drop-earrings,,,,,,,,EAR0001-14KW-NAT,,,14K White Gold,,,Natural,,,,,13790,,,TRUE,,,,,,,,deny,,,TRUE,manual,,,,,,,,,,,,,,,,,,,,,,,,,,,
,celestia-princess-halo-drop-earrings,,,,,,,,EAR0001-18KY-LAB,,,18K Yellow Gold,,,Lab Grown,,,,,2790,,,TRUE,,,,,,,,deny,,,TRUE,manual,,,,,,,,,,,,,,,,,,,,,,,,,,,
,celestia-princess-halo-drop-earrings,,,,,,,,EAR0001-18KY-NAT,,,18K Yellow Gold,,,Natural,,,,,3990,,,TRUE,,,,,,,,deny,,,TRUE,manual,,,,,,,,,,,,,,,,,,,,,,,,,,,
,celestia-princess-halo-drop-earrings,,,,,,,,EAR0001-18KR-LAB,,,18K Rose Gold,,,Lab Grown,,,,,6290,,,TRUE,,,,,,,,deny,,,TRUE,manual,,,,,,,,,,,,,,,,,,,,,,,,,,,
,celestia-princess-halo-drop-earrings,,,,,,,,EAR0001-18KR-NAT,,,18K Rose Gold,,,Natural,,,,,4590,,,TRUE,,,,,,,,deny,,,TRUE,manual,,,,,,,,,,,,,,,,,,,,,,,,,,,
,celestia-princess-halo-drop-earrings,,,,,,,,EAR0001-18KW-LAB,,,18K White Gold,,,Lab Grown,,,,,7390,,,TRUE,,,,,,,,deny,,,TRUE,manual,,,,,,,,,,,,,,,,,,,,,,,,,,,
,celestia-princess-halo-drop-earrings,,,,,,,,EAR0001-18KW-NAT,,,18K White Gold,,,Natural,,,,,14090,,,TRUE,,,,,,,,deny,,,TRUE,manual,,,,,,,,,,,,,,,,,,,,,,,,,,,
,celestia-princess-halo-drop-earrings,,,,,,,,EAR0001-PT-LAB,,,Platinum,,,Lab Grown,,,,,3090,,,TRUE,,,,,,,,deny,,,TRUE,manual,,,,,,,,,,,,,,,,,,,,,,,,,,,
,celestia-princess-halo-drop-earrings,,,,,,,,EAR0001-PT-NAT,,,Platinum,,,Natural,,,,,4290,,,TRUE,,,,,,,,deny,,,TRUE,manual,,,,,,,,,,,,,,,,,,,,,,,,,,,
Aurelia Pavé Teardrop Huggie Earrings,aurelia-pave-teardrop-huggie-earrings,"The Aurelia Pavé Teardrop Huggie Earrings combine the comfort of modern huggies with an elegant open teardrop silhouette, beautifully pavé-set with brilliant round diamonds.<!-- split --><p>The Aurelia Pavé Teardrop Huggie Earrings are crafted in Australia to bring together contemporary design and timeless elegance. Featuring an elegant open teardrop silhouette, each earring is delicately pavé-set with brilliant round diamonds that create exceptional sparkle from every angle. The sculptural double-loop design adds depth and dimension while maintaining the lightweight comfort of a classic huggie.</p><p>Available in your choice of premium gold or platinum, these versatile earrings transition effortlessly from everyday sophistication to evening elegance, making them a timeless addition to any jewellery collection.</p>",Arlena,Apparel & Accessories > Jewelry > Earrings,Earrings,"Earrings, Huggie Earrings, Teardrop Earrings, Pavé Diamond, Round Brilliant, Diamond Earrings, Luxury Jewellery, Fine Jewellery, Arlena, Made in Australia",TRUE,active,EAR0002-10KY-LAB,,Metal,10K Yellow Gold,,Diamond,Lab Grown,,,,,2490,,,TRUE,,,,,,,,deny,,,TRUE,manual,,,,,FALSE,Aurelia Pavé Teardrop Huggie Earrings | Arlena,Discover the Aurelia Pavé Teardrop Huggie Earrings by Arlena. Crafted in Australia with brilliant pavé diamonds in premium gold or platinum.,,,,,,,,New,FALSE,,,,,,Round Brilliant,,,Approx. 0.365 ct,"Pavé, Huggie",Australia
,aurelia-pave-teardrop-huggie-earrings,,,,,,,,EAR0002-10KY-NAT,,,10K Yellow Gold,,,Natural,,,,,3690,,,TRUE,,,,,,,,deny,,,TRUE,manual,,,,,,,,,,,,,,,,,,,,,,,,,,,
,aurelia-pave-teardrop-huggie-earrings,,,,,,,,EAR0002-10KR-LAB,,,10K Rose Gold,,,Lab Grown,,,,,5990,,,TRUE,,,,,,,,deny,,,TRUE,manual,,,,,,,,,,,,,,,,,,,,,,,,,,,
,aurelia-pave-teardrop-huggie-earrings,,,,,,,,EAR0002-10KR-NAT,,,10K Rose Gold,,,Natural,,,,,4290,,,TRUE,,,,,,,,deny,,,TRUE,manual,,,,,,,,,,,,,,,,,,,,,,,,,,,
,aurelia-pave-teardrop-huggie-earrings,,,,,,,,EAR0002-10KW-LAB,,,10K White Gold,,,Lab Grown,,,,,7090,,,TRUE,,,,,,,,deny,,,TRUE,manual,,,,,,,,,,,,,,,,,,,,,,,,,,,
,aurelia-pave-teardrop-huggie-earrings,,,,,,,,EAR0002-10KW-NAT,,,10K White Gold,,,Natural,,,,,13790,,,TRUE,,,,,,,,deny,,,TRUE,manual,,,,,,,,,,,,,,,,,,,,,,,,,,,
,aurelia-pave-teardrop-huggie-earrings,,,,,,,,EAR0002-14KY-LAB,,,14K Yellow Gold,,,Lab Grown,,,,,2490,,,TRUE,,,,,,,,deny,,,TRUE,manual,,,,,,,,,,,,,,,,,,,,,,,,,,,
,aurelia-pave-teardrop-huggie-earrings,,,,,,,,EAR0002-14KY-NAT,,,14K Yellow Gold,,,Natural,,,,,3690,,,TRUE,,,,,,,,deny,,,TRUE,manual,,,,,,,,,,,,,,,,,,,,,,,,,,,
,aurelia-pave-teardrop-huggie-earrings,,,,,,,,EAR0002-14KR-LAB,,,14K Rose Gold,,,Lab Grown,,,,,5990,,,TRUE,,,,,,,,deny,,,TRUE,manual,,,,,,,,,,,,,,,,,,,,,,,,,,,
,aurelia-pave-teardrop-huggie-earrings,,,,,,,,EAR0002-14KR-NAT,,,14K Rose Gold,,,Natural,,,,,4290,,,TRUE,,,,,,,,deny,,,TRUE,manual,,,,,,,,,,,,,,,,,,,,,,,,,,,
,aurelia-pave-teardrop-huggie-earrings,,,,,,,,EAR0002-14KW-LAB,,,14K White Gold,,,Lab Grown,,,,,7090,,,TRUE,,,,,,,,deny,,,TRUE,manual,,,,,,,,,,,,,,,,,,,,,,,,,,,
,aurelia-pave-teardrop-huggie-earrings,,,,,,,,EAR0002-14KW-NAT,,,14K White Gold,,,Natural,,,,,13790,,,TRUE,,,,,,,,deny,,,TRUE,manual,,,,,,,,,,,,,,,,,,,,,,,,,,,
,aurelia-pave-teardrop-huggie-earrings,,,,,,,,EAR0002-18KY-LAB,,,18K Yellow Gold,,,Lab Grown,,,,,2790,,,TRUE,,,,,,,,deny,,,TRUE,manual,,,,,,,,,,,,,,,,,,,,,,,,,,,
,aurelia-pave-teardrop-huggie-earrings,,,,,,,,EAR0002-18KY-NAT,,,18K Yellow Gold,,,Natural,,,,,3990,,,TRUE,,,,,,,,deny,,,TRUE,manual,,,,,,,,,,,,,,,,,,,,,,,,,,,
,aurelia-pave-teardrop-huggie-earrings,,,,,,,,EAR0002-18KR-LAB,,,18K Rose Gold,,,Lab Grown,,,,,6290,,,TRUE,,,,,,,,deny,,,TRUE,manual,,,,,,,,,,,,,,,,,,,,,,,,,,,
,aurelia-pave-teardrop-huggie-earrings,,,,,,,,EAR0002-18KR-NAT,,,18K Rose Gold,,,Natural,,,,,4590,,,TRUE,,,,,,,,deny,,,TRUE,manual,,,,,,,,,,,,,,,,,,,,,,,,,,,
,aurelia-pave-teardrop-huggie-earrings,,,,,,,,EAR0002-18KW-LAB,,,18K White Gold,,,Lab Grown,,,,,7390,,,TRUE,,,,,,,,deny,,,TRUE,manual,,,,,,,,,,,,,,,,,,,,,,,,,,,
,aurelia-pave-teardrop-huggie-earrings,,,,,,,,EAR0002-18KW-NAT,,,18K White Gold,,,Natural,,,,,14090,,,TRUE,,,,,,,,deny,,,TRUE,manual,,,,,,,,,,,,,,,,,,,,,,,,,,,
,aurelia-pave-teardrop-huggie-earrings,,,,,,,,EAR0002-PT-LAB,,,Platinum,,,Lab Grown,,,,,3090,,,TRUE,,,,,,,,deny,,,TRUE,manual,,,,,,,,,,,,,,,,,,,,,,,,,,,
,aurelia-pave-teardrop-huggie-earrings,,,,,,,,EAR0002-PT-NAT,,,Platinum,,,Natural,,,,,4290,,,TRUE,,,,,,,,deny,,,TRUE,manual,,,,,,,,,,,,,,,,,,,,,,,,,,,
The Celeste Diamond Huggie Hoop Earrings,celeste-diamond-huggie-hoop-earrings,"The Celeste Diamond Huggie Hoop Earrings showcase a refined inside-out diamond design with a continuous row of brilliant round diamonds that maximise sparkle from every angle.<!-- split --><p>The Celeste Diamond Huggie Hoop Earrings showcase a refined inside-out diamond design with a continuous row of brilliant round diamonds that maximise sparkle from every angle. Crafted in Australia and available in your choice of premium gold or platinum, the sleek modern huggie silhouette and secure hinged closure provide exceptional comfort while delivering timeless elegance.</p><p>Their balanced proportions and luxurious brilliance make these earrings an effortlessly versatile piece, perfect for everyday sophistication and elevated evening wear.</p>",Arlena,Apparel & Accessories > Jewelry > Earrings,Earrings,"Earrings, Huggie Earrings, Hoop Earrings, Diamond Hoop Earrings, Inside-Out Hoops, Round Brilliant, Luxury Jewellery, Fine Jewellery, Arlena, Made in Australia",TRUE,active,EAR0003-10KY-LAB,,Metal,10K Yellow Gold,,Diamond,Lab Grown,,,,,2490,,,TRUE,,,,,,,,deny,,,TRUE,manual,,,,,FALSE,Celeste Diamond Huggie Hoop Earrings | Arlena,Discover the Celeste Diamond Huggie Hoop Earrings by Arlena. Crafted in Australia with brilliant round diamonds in premium gold or platinum.,,,,,,,,New,FALSE,,,,,,Round Brilliant,,,Approx. 0.70 ct,"Claw, Inside-Out",Australia
,celeste-diamond-huggie-hoop-earrings,,,,,,,,EAR0003-10KY-NAT,,,10K Yellow Gold,,,Natural,,,,,3690,,,TRUE,,,,,,,,deny,,,TRUE,manual,,,,,,,,,,,,,,,,,,,,,,,,,,,
,celeste-diamond-huggie-hoop-earrings,,,,,,,,EAR0003-10KR-LAB,,,10K Rose Gold,,,Lab Grown,,,,,5990,,,TRUE,,,,,,,,deny,,,TRUE,manual,,,,,,,,,,,,,,,,,,,,,,,,,,,
,celeste-diamond-huggie-hoop-earrings,,,,,,,,EAR0003-10KR-NAT,,,10K Rose Gold,,,Natural,,,,,4290,,,TRUE,,,,,,,,deny,,,TRUE,manual,,,,,,,,,,,,,,,,,,,,,,,,,,,
,celeste-diamond-huggie-hoop-earrings,,,,,,,,EAR0003-10KW-LAB,,,10K White Gold,,,Lab Grown,,,,,7090,,,TRUE,,,,,,,,deny,,,TRUE,manual,,,,,,,,,,,,,,,,,,,,,,,,,,,
,celeste-diamond-huggie-hoop-earrings,,,,,,,,EAR0003-10KW-NAT,,,10K White Gold,,,Natural,,,,,13790,,,TRUE,,,,,,,,deny,,,TRUE,manual,,,,,,,,,,,,,,,,,,,,,,,,,,,
,celeste-diamond-huggie-hoop-earrings,,,,,,,,EAR0003-14KY-LAB,,,14K Yellow Gold,,,Lab Grown,,,,,2490,,,TRUE,,,,,,,,deny,,,TRUE,manual,,,,,,,,,,,,,,,,,,,,,,,,,,,
,celeste-diamond-huggie-hoop-earrings,,,,,,,,EAR0003-14KY-NAT,,,14K Yellow Gold,,,Natural,,,,,3690,,,TRUE,,,,,,,,deny,,,TRUE,manual,,,,,,,,,,,,,,,,,,,,,,,,,,,
,celeste-diamond-huggie-hoop-earrings,,,,,,,,EAR0003-14KR-LAB,,,14K Rose Gold,,,Lab Grown,,,,,5990,,,TRUE,,,,,,,,deny,,,TRUE,manual,,,,,,,,,,,,,,,,,,,,,,,,,,,
,celeste-diamond-huggie-hoop-earrings,,,,,,,,EAR0003-14KR-NAT,,,14K Rose Gold,,,Natural,,,,,4290,,,TRUE,,,,,,,,deny,,,TRUE,manual,,,,,,,,,,,,,,,,,,,,,,,,,,,
,celeste-diamond-huggie-hoop-earrings,,,,,,,,EAR0003-14KW-LAB,,,14K White Gold,,,Lab Grown,,,,,7090,,,TRUE,,,,,,,,deny,,,TRUE,manual,,,,,,,,,,,,,,,,,,,,,,,,,,,
,celeste-diamond-huggie-hoop-earrings,,,,,,,,EAR0003-14KW-NAT,,,14K White Gold,,,Natural,,,,,13790,,,TRUE,,,,,,,,deny,,,TRUE,manual,,,,,,,,,,,,,,,,,,,,,,,,,,,
,celeste-diamond-huggie-hoop-earrings,,,,,,,,EAR0003-18KY-LAB,,,18K Yellow Gold,,,Lab Grown,,,,,2790,,,TRUE,,,,,,,,deny,,,TRUE,manual,,,,,,,,,,,,,,,,,,,,,,,,,,,
,celeste-diamond-huggie-hoop-earrings,,,,,,,,EAR0003-18KY-NAT,,,18K Yellow Gold,,,Natural,,,,,3990,,,TRUE,,,,,,,,deny,,,TRUE,manual,,,,,,,,,,,,,,,,,,,,,,,,,,,
,celeste-diamond-huggie-hoop-earrings,,,,,,,,EAR0003-18KR-LAB,,,18K Rose Gold,,,Lab Grown,,,,,6290,,,TRUE,,,,,,,,deny,,,TRUE,manual,,,,,,,,,,,,,,,,,,,,,,,,,,,
,celeste-diamond-huggie-hoop-earrings,,,,,,,,EAR0003-18KR-NAT,,,18K Rose Gold,,,Natural,,,,,4590,,,TRUE,,,,,,,,deny,,,TRUE,manual,,,,,,,,,,,,,,,,,,,,,,,,,,,
,celeste-diamond-huggie-hoop-earrings,,,,,,,,EAR0003-18KW-LAB,,,18K White Gold,,,Lab Grown,,,,,7390,,,TRUE,,,,,,,,deny,,,TRUE,manual,,,,,,,,,,,,,,,,,,,,,,,,,,,
,celeste-diamond-huggie-hoop-earrings,,,,,,,,EAR0003-18KW-NAT,,,18K White Gold,,,Natural,,,,,14090,,,TRUE,,,,,,,,deny,,,TRUE,manual,,,,,,,,,,,,,,,,,,,,,,,,,,,
,celeste-diamond-huggie-hoop-earrings,,,,,,,,EAR0003-PT-LAB,,,Platinum,,,Lab Grown,,,,,3090,,,TRUE,,,,,,,,deny,,,TRUE,manual,,,,,,,,,,,,,,,,,,,,,,,,,,,
,celeste-diamond-huggie-hoop-earrings,,,,,,,,EAR0003-PT-NAT,,,Platinum,,,Natural,,,,,4290,,,TRUE,,,,,,,,deny,,,TRUE,manual,,,,,,,,,,,,,,,,,,,,,,,,,,,
Aurora Diamond Inside-Out Huggie Hoop Earrings,aurora-diamond-inside-out-huggie-hoop-earrings,"The Aurora Diamond Inside-Out Huggie Hoop Earrings feature a seamless row of brilliant round diamonds flowing across the front and inner curve of each hoop, creating exceptional sparkle from every angle.<!-- split --><p>The Aurora Diamond Inside-Out Huggie Hoop Earrings feature a seamless row of brilliant round diamonds flowing across the front and inner curve of each hoop, creating an uninterrupted display of sparkle from every angle.</p><p>Crafted in Australia and available in your choice of premium gold or platinum, these earrings are designed with a refined shared-prong setting and secure hinged closure, combining contemporary elegance with everyday comfort. Their timeless silhouette and exceptional brilliance make them an effortlessly versatile piece, perfect for everyday luxury and elevated evening wear.</p>",Arlena,Apparel & Accessories > Jewelry > Earrings,Earrings,"Earrings, Huggie Earrings, Hoop Earrings, Inside-Out Hoops, Diamond Hoop Earrings, Round Brilliant, Shared Prong, Luxury Jewellery, Fine Jewellery, Arlena, Made in Australia",TRUE,active,EAR0004-10KY-LAB,,Metal,10K Yellow Gold,,Diamond,Lab Grown,,,,,2490,,,TRUE,,,,,,,,deny,,,TRUE,manual,,,,,FALSE,Aurora Diamond Inside-Out Huggie Hoop Earrings | Arlena,Discover the Aurora Diamond Inside-Out Huggie Hoop Earrings by Arlena. Crafted in Australia with brilliant round diamonds in premium gold or platinum.,,,,,,,,New,FALSE,,,,,,Round Brilliant,,,Approx. 1.60 ct,"Shared Prong, Inside-Out",Australia
,aurora-diamond-inside-out-huggie-hoop-earrings,,,,,,,,EAR0004-10KY-NAT,,,10K Yellow Gold,,,Natural,,,,,3690,,,TRUE,,,,,,,,deny,,,TRUE,manual,,,,,,,,,,,,,,,,,,,,,,,,,,,
,aurora-diamond-inside-out-huggie-hoop-earrings,,,,,,,,EAR0004-10KR-LAB,,,10K Rose Gold,,,Lab Grown,,,,,5990,,,TRUE,,,,,,,,deny,,,TRUE,manual,,,,,,,,,,,,,,,,,,,,,,,,,,,
,aurora-diamond-inside-out-huggie-hoop-earrings,,,,,,,,EAR0004-10KR-NAT,,,10K Rose Gold,,,Natural,,,,,4290,,,TRUE,,,,,,,,deny,,,TRUE,manual,,,,,,,,,,,,,,,,,,,,,,,,,,,
,aurora-diamond-inside-out-huggie-hoop-earrings,,,,,,,,EAR0004-10KW-LAB,,,10K White Gold,,,Lab Grown,,,,,7090,,,TRUE,,,,,,,,deny,,,TRUE,manual,,,,,,,,,,,,,,,,,,,,,,,,,,,
,aurora-diamond-inside-out-huggie-hoop-earrings,,,,,,,,EAR0004-10KW-NAT,,,10K White Gold,,,Natural,,,,,13790,,,TRUE,,,,,,,,deny,,,TRUE,manual,,,,,,,,,,,,,,,,,,,,,,,,,,,
,aurora-diamond-inside-out-huggie-hoop-earrings,,,,,,,,EAR0004-14KY-LAB,,,14K Yellow Gold,,,Lab Grown,,,,,2490,,,TRUE,,,,,,,,deny,,,TRUE,manual,,,,,,,,,,,,,,,,,,,,,,,,,,,
,aurora-diamond-inside-out-huggie-hoop-earrings,,,,,,,,EAR0004-14KY-NAT,,,14K Yellow Gold,,,Natural,,,,,3690,,,TRUE,,,,,,,,deny,,,TRUE,manual,,,,,,,,,,,,,,,,,,,,,,,,,,,
,aurora-diamond-inside-out-huggie-hoop-earrings,,,,,,,,EAR0004-14KR-LAB,,,14K Rose Gold,,,Lab Grown,,,,,5990,,,TRUE,,,,,,,,deny,,,TRUE,manual,,,,,,,,,,,,,,,,,,,,,,,,,,,
,aurora-diamond-inside-out-huggie-hoop-earrings,,,,,,,,EAR0004-14KR-NAT,,,14K Rose Gold,,,Natural,,,,,4290,,,TRUE,,,,,,,,deny,,,TRUE,manual,,,,,,,,,,,,,,,,,,,,,,,,,,,
,aurora-diamond-inside-out-huggie-hoop-earrings,,,,,,,,EAR0004-14KW-LAB,,,14K White Gold,,,Lab Grown,,,,,7090,,,TRUE,,,,,,,,deny,,,TRUE,manual,,,,,,,,,,,,,,,,,,,,,,,,,,,
,aurora-diamond-inside-out-huggie-hoop-earrings,,,,,,,,EAR0004-14KW-NAT,,,14K White Gold,,,Natural,,,,,13790,,,TRUE,,,,,,,,deny,,,TRUE,manual,,,,,,,,,,,,,,,,,,,,,,,,,,,
,aurora-diamond-inside-out-huggie-hoop-earrings,,,,,,,,EAR0004-18KY-LAB,,,18K Yellow Gold,,,Lab Grown,,,,,2790,,,TRUE,,,,,,,,deny,,,TRUE,manual,,,,,,,,,,,,,,,,,,,,,,,,,,,
,aurora-diamond-inside-out-huggie-hoop-earrings,,,,,,,,EAR0004-18KY-NAT,,,18K Yellow Gold,,,Natural,,,,,3990,,,TRUE,,,,,,,,deny,,,TRUE,manual,,,,,,,,,,,,,,,,,,,,,,,,,,,
,aurora-diamond-inside-out-huggie-hoop-earrings,,,,,,,,EAR0004-18KR-LAB,,,18K Rose Gold,,,Lab Grown,,,,,6290,,,TRUE,,,,,,,,deny,,,TRUE,manual,,,,,,,,,,,,,,,,,,,,,,,,,,,
,aurora-diamond-inside-out-huggie-hoop-earrings,,,,,,,,EAR0004-18KR-NAT,,,18K Rose Gold,,,Natural,,,,,4590,,,TRUE,,,,,,,,deny,,,TRUE,manual,,,,,,,,,,,,,,,,,,,,,,,,,,,
,aurora-diamond-inside-out-huggie-hoop-earrings,,,,,,,,EAR0004-18KW-LAB,,,18K White Gold,,,Lab Grown,,,,,7390,,,TRUE,,,,,,,,deny,,,TRUE,manual,,,,,,,,,,,,,,,,,,,,,,,,,,,
,aurora-diamond-inside-out-huggie-hoop-earrings,,,,,,,,EAR0004-18KW-NAT,,,18K White Gold,,,Natural,,,,,14090,,,TRUE,,,,,,,,deny,,,TRUE,manual,,,,,,,,,,,,,,,,,,,,,,,,,,,
,aurora-diamond-inside-out-huggie-hoop-earrings,,,,,,,,EAR0004-PT-LAB,,,Platinum,,,Lab Grown,,,,,3090,,,TRUE,,,,,,,,deny,,,TRUE,manual,,,,,,,,,,,,,,,,,,,,,,,,,,,
,aurora-diamond-inside-out-huggie-hoop-earrings,,,,,,,,EAR0004-PT-NAT,,,Platinum,,,Natural,,,,,4290,,,TRUE,,,,,,,,deny,,,TRUE,manual,,,,,,,,,,,,,,,,,,,,,,,,,,,
Aurora Emerald & Pear Diamond Stud Earrings,aurora-emerald-pear-diamond-stud-earrings,"The Aurora Emerald & Pear Diamond Stud Earrings pair approx. 1.00 ct emerald-cut diamonds with approx. 0.80 ct pear-cut diamonds in the iconic Toi et Moi design. With an approx. total diamond weight of 3.60 carats, these elegant studs offer exceptional brilliance and timeless sophistication for everyday wear and special occasions.<!-- split --><p>The Aurora Emerald & Pear Diamond Stud Earrings celebrate the timeless beauty of the iconic Toi et Moi design, pairing approx. 1.00 ct emerald-cut diamonds with approx. 0.80 ct pear-cut diamonds in perfect harmony. With an approx. total diamond weight of 3.60 carats, the refined four-prong setting highlights the contrast between clean geometric lines and soft, elegant curves.</p><p>Designed to showcase the beauty of each diamond, these sophisticated studs offer exceptional brilliance and effortless versatility, making them a refined choice for both everyday wear and life's most memorable occasions.</p>",Arlena,Apparel & Accessories > Jewelry > Earrings,Earrings,"Earrings, Stud Earrings, Toi et Moi, Emerald Cut, Pear Cut, Diamond Stud Earrings, Luxury Jewellery, Fine Jewellery, Arlena",TRUE,active,EAR0005-10KY-LAB,,Metal,10K Yellow Gold,,Diamond,Lab Grown,,,,,2490,,,TRUE,,,,,,,,deny,,,TRUE,manual,,,,,FALSE,Aurora Emerald & Pear Diamond Stud Earrings | Arlena,"Discover the Aurora Emerald & Pear Diamond Stud Earrings by Arlena, featuring approx. 3.60 carats total diamond weight in the timeless Toi et Moi design.",,,,,,,,New,FALSE,,,,,,"Emerald, Pear",,,Approx. 3.60 ct,"Four Claw, Toi et Moi",Australia
,aurora-emerald-pear-diamond-stud-earrings,,,,,,,,EAR0005-10KY-NAT,,,10K Yellow Gold,,,Natural,,,,,3690,,,TRUE,,,,,,,,deny,,,TRUE,manual,,,,,,,,,,,,,,,,,,,,,,,,,,,
,aurora-emerald-pear-diamond-stud-earrings,,,,,,,,EAR0005-10KR-LAB,,,10K Rose Gold,,,Lab Grown,,,,,5990,,,TRUE,,,,,,,,deny,,,TRUE,manual,,,,,,,,,,,,,,,,,,,,,,,,,,,
,aurora-emerald-pear-diamond-stud-earrings,,,,,,,,EAR0005-10KR-NAT,,,10K Rose Gold,,,Natural,,,,,4290,,,TRUE,,,,,,,,deny,,,TRUE,manual,,,,,,,,,,,,,,,,,,,,,,,,,,,
,aurora-emerald-pear-diamond-stud-earrings,,,,,,,,EAR0005-10KW-LAB,,,10K White Gold,,,Lab Grown,,,,,7090,,,TRUE,,,,,,,,deny,,,TRUE,manual,,,,,,,,,,,,,,,,,,,,,,,,,,,
,aurora-emerald-pear-diamond-stud-earrings,,,,,,,,EAR0005-10KW-NAT,,,10K White Gold,,,Natural,,,,,13790,,,TRUE,,,,,,,,deny,,,TRUE,manual,,,,,,,,,,,,,,,,,,,,,,,,,,,
,aurora-emerald-pear-diamond-stud-earrings,,,,,,,,EAR0005-14KY-LAB,,,14K Yellow Gold,,,Lab Grown,,,,,2490,,,TRUE,,,,,,,,deny,,,TRUE,manual,,,,,,,,,,,,,,,,,,,,,,,,,,,
,aurora-emerald-pear-diamond-stud-earrings,,,,,,,,EAR0005-14KY-NAT,,,14K Yellow Gold,,,Natural,,,,,3690,,,TRUE,,,,,,,,deny,,,TRUE,manual,,,,,,,,,,,,,,,,,,,,,,,,,,,
,aurora-emerald-pear-diamond-stud-earrings,,,,,,,,EAR0005-14KR-LAB,,,14K Rose Gold,,,Lab Grown,,,,,5990,,,TRUE,,,,,,,,deny,,,TRUE,manual,,,,,,,,,,,,,,,,,,,,,,,,,,,
,aurora-emerald-pear-diamond-stud-earrings,,,,,,,,EAR0005-14KR-NAT,,,14K Rose Gold,,,Natural,,,,,4290,,,TRUE,,,,,,,,deny,,,TRUE,manual,,,,,,,,,,,,,,,,,,,,,,,,,,,
,aurora-emerald-pear-diamond-stud-earrings,,,,,,,,EAR0005-14KW-LAB,,,14K White Gold,,,Lab Grown,,,,,7090,,,TRUE,,,,,,,,deny,,,TRUE,manual,,,,,,,,,,,,,,,,,,,,,,,,,,,
,aurora-emerald-pear-diamond-stud-earrings,,,,,,,,EAR0005-14KW-NAT,,,14K White Gold,,,Natural,,,,,13790,,,TRUE,,,,,,,,deny,,,TRUE,manual,,,,,,,,,,,,,,,,,,,,,,,,,,,
,aurora-emerald-pear-diamond-stud-earrings,,,,,,,,EAR0005-18KY-LAB,,,18K Yellow Gold,,,Lab Grown,,,,,2790,,,TRUE,,,,,,,,deny,,,TRUE,manual,,,,,,,,,,,,,,,,,,,,,,,,,,,
,aurora-emerald-pear-diamond-stud-earrings,,,,,,,,EAR0005-18KY-NAT,,,18K Yellow Gold,,,Natural,,,,,3990,,,TRUE,,,,,,,,deny,,,TRUE,manual,,,,,,,,,,,,,,,,,,,,,,,,,,,
,aurora-emerald-pear-diamond-stud-earrings,,,,,,,,EAR0005-18KR-LAB,,,18K Rose Gold,,,Lab Grown,,,,,6290,,,TRUE,,,,,,,,deny,,,TRUE,manual,,,,,,,,,,,,,,,,,,,,,,,,,,,
,aurora-emerald-pear-diamond-stud-earrings,,,,,,,,EAR0005-18KR-NAT,,,18K Rose Gold,,,Natural,,,,,4590,,,TRUE,,,,,,,,deny,,,TRUE,manual,,,,,,,,,,,,,,,,,,,,,,,,,,,
,aurora-emerald-pear-diamond-stud-earrings,,,,,,,,EAR0005-18KW-LAB,,,18K White Gold,,,Lab Grown,,,,,7390,,,TRUE,,,,,,,,deny,,,TRUE,manual,,,,,,,,,,,,,,,,,,,,,,,,,,,
,aurora-emerald-pear-diamond-stud-earrings,,,,,,,,EAR0005-18KW-NAT,,,18K White Gold,,,Natural,,,,,14090,,,TRUE,,,,,,,,deny,,,TRUE,manual,,,,,,,,,,,,,,,,,,,,,,,,,,,
,aurora-emerald-pear-diamond-stud-earrings,,,,,,,,EAR0005-PT-LAB,,,Platinum,,,Lab Grown,,,,,3090,,,TRUE,,,,,,,,deny,,,TRUE,manual,,,,,,,,,,,,,,,,,,,,,,,,,,,
,aurora-emerald-pear-diamond-stud-earrings,,,,,,,,EAR0005-PT-NAT,,,Platinum,,,Natural,,,,,4290,,,TRUE,,,,,,,,deny,,,TRUE,manual,,,,,,,,,,,,,,,,,,,,,,,,,,,
Harmony Emerald & Heart Diamond Stud Earrings,harmony-emerald-heart-diamond-stud-earrings,"The Harmony Emerald & Heart Diamond Stud Earrings pair approx. 1.00 ct emerald-cut diamonds with approx. 1.00 ct heart-shaped diamonds in a romantic Toi et Moi design. With an approx. total diamond weight of 4.00 carats, these elegant studs beautifully balance contemporary sophistication with timeless romance.<!-- split --><p>The Harmony Emerald & Heart Diamond Stud Earrings reinterpret the iconic Toi et Moi design with a romantic twist, pairing approx. 1.00 ct emerald-cut diamonds alongside approx. 1.00 ct heart-shaped diamonds. With an approx. total diamond weight of 4.00 carats, the striking contrast between geometric precision and soft curves creates a modern yet timeless silhouette that symbolises two hearts united</p><p>Set in an elegant four-prong setting, these refined studs offer exceptional brilliance while remaining effortlessly wearable, making them a meaningful expression of love and individuality.</p>",Arlena,Apparel & Accessories > Jewelry > Earrings,Earrings,"Earrings, Stud Earrings, Toi et Moi, Emerald Cut, Heart Shape, Emerald & Heart Diamond Stud Earrings, Luxury Jewellery, Fine Jewellery, Arlena",TRUE,active,EAR0006-10KY-LAB,,Metal,10K Yellow Gold,,Diamond,Lab Grown,,,,,2490,,,TRUE,,,,,,,,deny,,,TRUE,manual,,,,,FALSE,Harmony Emerald & Heart Diamond Stud Earrings | Arlena,"Discover the Harmony Emerald & Heart Diamond Stud Earrings by Arlena, featuring approx. 3.80 carats total diamond weight in a romantic Toi et Moi design.",,,,,,,,New,FALSE,,,,,,"Emerald, Heart",,,Approx. 4.00 ct,"Four Claw, Toi et Moi",Australia
,harmony-emerald-heart-diamond-stud-earrings,,,,,,,,EAR0006-10KY-NAT,,,10K Yellow Gold,,,Natural,,,,,3690,,,TRUE,,,,,,,,deny,,,TRUE,manual,,,,,,,,,,,,,,,,,,,,,,,,,,,
,harmony-emerald-heart-diamond-stud-earrings,,,,,,,,EAR0006-10KR-LAB,,,10K Rose Gold,,,Lab Grown,,,,,5990,,,TRUE,,,,,,,,deny,,,TRUE,manual,,,,,,,,,,,,,,,,,,,,,,,,,,,
,harmony-emerald-heart-diamond-stud-earrings,,,,,,,,EAR0006-10KR-NAT,,,10K Rose Gold,,,Natural,,,,,4290,,,TRUE,,,,,,,,deny,,,TRUE,manual,,,,,,,,,,,,,,,,,,,,,,,,,,,
,harmony-emerald-heart-diamond-stud-earrings,,,,,,,,EAR0006-10KW-LAB,,,10K White Gold,,,Lab Grown,,,,,7090,,,TRUE,,,,,,,,deny,,,TRUE,manual,,,,,,,,,,,,,,,,,,,,,,,,,,,
,harmony-emerald-heart-diamond-stud-earrings,,,,,,,,EAR0006-10KW-NAT,,,10K White Gold,,,Natural,,,,,13790,,,TRUE,,,,,,,,deny,,,TRUE,manual,,,,,,,,,,,,,,,,,,,,,,,,,,,
,harmony-emerald-heart-diamond-stud-earrings,,,,,,,,EAR0006-14KY-LAB,,,14K Yellow Gold,,,Lab Grown,,,,,2490,,,TRUE,,,,,,,,deny,,,TRUE,manual,,,,,,,,,,,,,,,,,,,,,,,,,,,
,harmony-emerald-heart-diamond-stud-earrings,,,,,,,,EAR0006-14KY-NAT,,,14K Yellow Gold,,,Natural,,,,,3690,,,TRUE,,,,,,,,deny,,,TRUE,manual,,,,,,,,,,,,,,,,,,,,,,,,,,,
,harmony-emerald-heart-diamond-stud-earrings,,,,,,,,EAR0006-14KR-LAB,,,14K Rose Gold,,,Lab Grown,,,,,5990,,,TRUE,,,,,,,,deny,,,TRUE,manual,,,,,,,,,,,,,,,,,,,,,,,,,,,
,harmony-emerald-heart-diamond-stud-earrings,,,,,,,,EAR0006-14KR-NAT,,,14K Rose Gold,,,Natural,,,,,4290,,,TRUE,,,,,,,,deny,,,TRUE,manual,,,,,,,,,,,,,,,,,,,,,,,,,,,
,harmony-emerald-heart-diamond-stud-earrings,,,,,,,,EAR0006-14KW-LAB,,,14K White Gold,,,Lab Grown,,,,,7090,,,TRUE,,,,,,,,deny,,,TRUE,manual,,,,,,,,,,,,,,,,,,,,,,,,,,,
,harmony-emerald-heart-diamond-stud-earrings,,,,,,,,EAR0006-14KW-NAT,,,14K White Gold,,,Natural,,,,,13790,,,TRUE,,,,,,,,deny,,,TRUE,manual,,,,,,,,,,,,,,,,,,,,,,,,,,,
,harmony-emerald-heart-diamond-stud-earrings,,,,,,,,EAR0006-18KY-LAB,,,18K Yellow Gold,,,Lab Grown,,,,,2790,,,TRUE,,,,,,,,deny,,,TRUE,manual,,,,,,,,,,,,,,,,,,,,,,,,,,,
,harmony-emerald-heart-diamond-stud-earrings,,,,,,,,EAR0006-18KY-NAT,,,18K Yellow Gold,,,Natural,,,,,3990,,,TRUE,,,,,,,,deny,,,TRUE,manual,,,,,,,,,,,,,,,,,,,,,,,,,,,
,harmony-emerald-heart-diamond-stud-earrings,,,,,,,,EAR0006-18KR-LAB,,,18K Rose Gold,,,Lab Grown,,,,,6290,,,TRUE,,,,,,,,deny,,,TRUE,manual,,,,,,,,,,,,,,,,,,,,,,,,,,,
,harmony-emerald-heart-diamond-stud-earrings,,,,,,,,EAR0006-18KR-NAT,,,18K Rose Gold,,,Natural,,,,,4590,,,TRUE,,,,,,,,deny,,,TRUE,manual,,,,,,,,,,,,,,,,,,,,,,,,,,,
,harmony-emerald-heart-diamond-stud-earrings,,,,,,,,EAR0006-18KW-LAB,,,18K White Gold,,,Lab Grown,,,,,7390,,,TRUE,,,,,,,,deny,,,TRUE,manual,,,,,,,,,,,,,,,,,,,,,,,,,,,
,harmony-emerald-heart-diamond-stud-earrings,,,,,,,,EAR0006-18KW-NAT,,,18K White Gold,,,Natural,,,,,14090,,,TRUE,,,,,,,,deny,,,TRUE,manual,,,,,,,,,,,,,,,,,,,,,,,,,,,
,harmony-emerald-heart-diamond-stud-earrings,,,,,,,,EAR0006-PT-LAB,,,Platinum,,,Lab Grown,,,,,3090,,,TRUE,,,,,,,,deny,,,TRUE,manual,,,,,,,,,,,,,,,,,,,,,,,,,,,
,harmony-emerald-heart-diamond-stud-earrings,,,,,,,,EAR0006-PT-NAT,,,Platinum,,,Natural,,,,,4290,,,TRUE,,,,,,,,deny,,,TRUE,manual,,,,,,,,,,,,,,,,,,,,,,,,,,,
Regal Emerald Halo Drop Diamond Earrings,regal-emerald-halo-drop-diamond-earrings,"The Regal Emerald Halo Drop Diamond Earrings feature approx. 0.56 ct emerald-cut diamonds framed by delicate diamond halos, flowing into graduated round brilliant diamonds and finishing with approx. 0.70 ct oval brilliant diamonds. With an approx. total diamond weight of 3.03 carats, these elegant drop earrings deliver exceptional brilliance and timeless sophistication.<!-- split --><p>The Regal Emerald Halo Drop Diamond Earrings combine timeless Art Deco elegance with modern brilliance. Approx. 0.56 ct emerald-cut diamonds framed by delicate diamond halos form the architectural top, cascading into graduated round brilliant diamonds before finishing with approx. 0.70 ct oval brilliant diamonds.</p><p>With an approx. total diamond weight of 3.03 carats, the balanced progression of geometric and soft diamond shapes creates exceptional movement, sparkle, and sophistication, making these earrings an unforgettable statement for gala evenings, weddings, and milestone celebrations.</p>",Arlena,Apparel & Accessories > Jewelry > Earrings,Earrings,"Earrings, Drop Earrings, Emerald Cut, Oval Cut, Halo Earrings, Emerald Halo Earrings, Diamond Drop Earrings, Luxury Jewellery, Fine Jewellery, Arlena",TRUE,active,EAR0007-10KY-LAB,,Metal,10K Yellow Gold,,Diamond,Lab Grown,,,,,2490,,,TRUE,,,,,,,,deny,,,TRUE,manual,,,,,FALSE,Regal Emerald Halo Drop Diamond Earrings | Arlena,"Discover the Regal Emerald Halo Drop Diamond Earrings by Arlena, featuring approx. 3.03 carats of emerald, oval and round diamonds in an elegant halo design.",,,,,,,,New,FALSE,,,,,,"Emerald, Round, Oval",,,Approx. 3.03 ct,"Halo, Four Claw, Drop",Australia
,regal-emerald-halo-drop-diamond-earrings,,,,,,,,EAR0007-10KY-NAT,,,10K Yellow Gold,,,Natural,,,,,3690,,,TRUE,,,,,,,,deny,,,TRUE,manual,,,,,,,,,,,,,,,,,,,,,,,,,,,
,regal-emerald-halo-drop-diamond-earrings,,,,,,,,EAR0007-10KR-LAB,,,10K Rose Gold,,,Lab Grown,,,,,5990,,,TRUE,,,,,,,,deny,,,TRUE,manual,,,,,,,,,,,,,,,,,,,,,,,,,,,
,regal-emerald-halo-drop-diamond-earrings,,,,,,,,EAR0007-10KR-NAT,,,10K Rose Gold,,,Natural,,,,,4290,,,TRUE,,,,,,,,deny,,,TRUE,manual,,,,,,,,,,,,,,,,,,,,,,,,,,,
,regal-emerald-halo-drop-diamond-earrings,,,,,,,,EAR0007-10KW-LAB,,,10K White Gold,,,Lab Grown,,,,,7090,,,TRUE,,,,,,,,deny,,,TRUE,manual,,,,,,,,,,,,,,,,,,,,,,,,,,,
,regal-emerald-halo-drop-diamond-earrings,,,,,,,,EAR0007-10KW-NAT,,,10K White Gold,,,Natural,,,,,13790,,,TRUE,,,,,,,,deny,,,TRUE,manual,,,,,,,,,,,,,,,,,,,,,,,,,,,
,regal-emerald-halo-drop-diamond-earrings,,,,,,,,EAR0007-14KY-LAB,,,14K Yellow Gold,,,Lab Grown,,,,,2490,,,TRUE,,,,,,,,deny,,,TRUE,manual,,,,,,,,,,,,,,,,,,,,,,,,,,,
,regal-emerald-halo-drop-diamond-earrings,,,,,,,,EAR0007-14KY-NAT,,,14K Yellow Gold,,,Natural,,,,,3690,,,TRUE,,,,,,,,deny,,,TRUE,manual,,,,,,,,,,,,,,,,,,,,,,,,,,,
,regal-emerald-halo-drop-diamond-earrings,,,,,,,,EAR0007-14KR-LAB,,,14K Rose Gold,,,Lab Grown,,,,,5990,,,TRUE,,,,,,,,deny,,,TRUE,manual,,,,,,,,,,,,,,,,,,,,,,,,,,,
,regal-emerald-halo-drop-diamond-earrings,,,,,,,,EAR0007-14KR-NAT,,,14K Rose Gold,,,Natural,,,,,4290,,,TRUE,,,,,,,,deny,,,TRUE,manual,,,,,,,,,,,,,,,,,,,,,,,,,,,
,regal-emerald-halo-drop-diamond-earrings,,,,,,,,EAR0007-14KW-LAB,,,14K White Gold,,,Lab Grown,,,,,7090,,,TRUE,,,,,,,,deny,,,TRUE,manual,,,,,,,,,,,,,,,,,,,,,,,,,,,
,regal-emerald-halo-drop-diamond-earrings,,,,,,,,EAR0007-14KW-NAT,,,14K White Gold,,,Natural,,,,,13790,,,TRUE,,,,,,,,deny,,,TRUE,manual,,,,,,,,,,,,,,,,,,,,,,,,,,,
,regal-emerald-halo-drop-diamond-earrings,,,,,,,,EAR0007-18KY-LAB,,,18K Yellow Gold,,,Lab Grown,,,,,2790,,,TRUE,,,,,,,,deny,,,TRUE,manual,,,,,,,,,,,,,,,,,,,,,,,,,,,
,regal-emerald-halo-drop-diamond-earrings,,,,,,,,EAR0007-18KY-NAT,,,18K Yellow Gold,,,Natural,,,,,3990,,,TRUE,,,,,,,,deny,,,TRUE,manual,,,,,,,,,,,,,,,,,,,,,,,,,,,
,regal-emerald-halo-drop-diamond-earrings,,,,,,,,EAR0007-18KR-LAB,,,18K Rose Gold,,,Lab Grown,,,,,6290,,,TRUE,,,,,,,,deny,,,TRUE,manual,,,,,,,,,,,,,,,,,,,,,,,,,,,
,regal-emerald-halo-drop-diamond-earrings,,,,,,,,EAR0007-18KR-NAT,,,18K Rose Gold,,,Natural,,,,,4590,,,TRUE,,,,,,,,deny,,,TRUE,manual,,,,,,,,,,,,,,,,,,,,,,,,,,,
,regal-emerald-halo-drop-diamond-earrings,,,,,,,,EAR0007-18KW-LAB,,,18K White Gold,,,Lab Grown,,,,,7390,,,TRUE,,,,,,,,deny,,,TRUE,manual,,,,,,,,,,,,,,,,,,,,,,,,,,,
,regal-emerald-halo-drop-diamond-earrings,,,,,,,,EAR0007-18KW-NAT,,,18K White Gold,,,Natural,,,,,14090,,,TRUE,,,,,,,,deny,,,TRUE,manual,,,,,,,,,,,,,,,,,,,,,,,,,,,
,regal-emerald-halo-drop-diamond-earrings,,,,,,,,EAR0007-PT-LAB,,,Platinum,,,Lab Grown,,,,,3090,,,TRUE,,,,,,,,deny,,,TRUE,manual,,,,,,,,,,,,,,,,,,,,,,,,,,,
,regal-emerald-halo-drop-diamond-earrings,,,,,,,,EAR0007-PT-NAT,,,Platinum,,,Natural,,,,,4290,,,TRUE,,,,,,,,deny,,,TRUE,manual,,,,,,,,,,,,,,,,,,,,,,,,,,,
Eternal Pavé Diamond Hoop Earrings,eternal-pave-diamond-hoop-earrings,"The Eternal Pavé Diamond Hoop Earrings feature an elegant inside-out pavé design with brilliant round diamonds set along the front outer and inner back of each hoop for continuous sparkle from every angle. With an approx. total diamond weight of 0.99 carats, these refined oval hoops offer timeless elegance for both everyday wear and special occasions.<!-- split --><p>The Eternal Pavé Diamond Hoop Earrings are an elegant interpretation of the timeless hoop. Featuring meticulously set round brilliant diamonds across the outer front and inner back, the inside-out pavé design delivers continuous sparkle from every angle.</p><p>With an approx. total diamond weight of 0.99 carats, the refined oval silhouette, light-enhancing U-cut setting and secure hinged closure combine exceptional brilliance with everyday comfort. Designed to transition effortlessly from day to evening, these hoops are a timeless expression of understated luxury.</p>",Arlena,Apparel & Accessories > Jewelry > Earrings,Earrings,"Earrings, Hoop Earrings, Diamond Hoops, Pavé Hoop Earrings, Inside Out Hoops, Round Brilliant, Diamond Earrings, Luxury Jewellery, Fine Jewellery, Arlena",TRUE,active,EAR0008-10KY-LAB,,Metal,10K Yellow Gold,,Diamond,Lab Grown,,,,,2490,,,TRUE,,,,,,,,deny,,,TRUE,manual,,,,,FALSE,Eternal Pavé Diamond Hoop Earrings | Arlena,"Discover the Eternal Pavé Diamond Hoop Earrings by Arlena, featuring approx. 0.99 carats of round brilliant diamonds in an elegant inside-out pavé design.",,,,,,,,New,FALSE,,,,,,Round Brilliant,,,Approx. 0.99 ct,"U-Cut Pavé, Inside-Out Hoop",Australia
,eternal-pave-diamond-hoop-earrings,,,,,,,,EAR0008-10KY-NAT,,,10K Yellow Gold,,,Natural,,,,,3690,,,TRUE,,,,,,,,deny,,,TRUE,manual,,,,,,,,,,,,,,,,,,,,,,,,,,,
,eternal-pave-diamond-hoop-earrings,,,,,,,,EAR0008-10KR-LAB,,,10K Rose Gold,,,Lab Grown,,,,,5990,,,TRUE,,,,,,,,deny,,,TRUE,manual,,,,,,,,,,,,,,,,,,,,,,,,,,,
,eternal-pave-diamond-hoop-earrings,,,,,,,,EAR0008-10KR-NAT,,,10K Rose Gold,,,Natural,,,,,4290,,,TRUE,,,,,,,,deny,,,TRUE,manual,,,,,,,,,,,,,,,,,,,,,,,,,,,
,eternal-pave-diamond-hoop-earrings,,,,,,,,EAR0008-10KW-LAB,,,10K White Gold,,,Lab Grown,,,,,7090,,,TRUE,,,,,,,,deny,,,TRUE,manual,,,,,,,,,,,,,,,,,,,,,,,,,,,
,eternal-pave-diamond-hoop-earrings,,,,,,,,EAR0008-10KW-NAT,,,10K White Gold,,,Natural,,,,,13790,,,TRUE,,,,,,,,deny,,,TRUE,manual,,,,,,,,,,,,,,,,,,,,,,,,,,,
,eternal-pave-diamond-hoop-earrings,,,,,,,,EAR0008-14KY-LAB,,,14K Yellow Gold,,,Lab Grown,,,,,2490,,,TRUE,,,,,,,,deny,,,TRUE,manual,,,,,,,,,,,,,,,,,,,,,,,,,,,
,eternal-pave-diamond-hoop-earrings,,,,,,,,EAR0008-14KY-NAT,,,14K Yellow Gold,,,Natural,,,,,3690,,,TRUE,,,,,,,,deny,,,TRUE,manual,,,,,,,,,,,,,,,,,,,,,,,,,,,
,eternal-pave-diamond-hoop-earrings,,,,,,,,EAR0008-14KR-LAB,,,14K Rose Gold,,,Lab Grown,,,,,5990,,,TRUE,,,,,,,,deny,,,TRUE,manual,,,,,,,,,,,,,,,,,,,,,,,,,,,
,eternal-pave-diamond-hoop-earrings,,,,,,,,EAR0008-14KR-NAT,,,14K Rose Gold,,,Natural,,,,,4290,,,TRUE,,,,,,,,deny,,,TRUE,manual,,,,,,,,,,,,,,,,,,,,,,,,,,,
,eternal-pave-diamond-hoop-earrings,,,,,,,,EAR0008-14KW-LAB,,,14K White Gold,,,Lab Grown,,,,,7090,,,TRUE,,,,,,,,deny,,,TRUE,manual,,,,,,,,,,,,,,,,,,,,,,,,,,,
,eternal-pave-diamond-hoop-earrings,,,,,,,,EAR0008-14KW-NAT,,,14K White Gold,,,Natural,,,,,13790,,,TRUE,,,,,,,,deny,,,TRUE,manual,,,,,,,,,,,,,,,,,,,,,,,,,,,
,eternal-pave-diamond-hoop-earrings,,,,,,,,EAR0008-18KY-LAB,,,18K Yellow Gold,,,Lab Grown,,,,,2790,,,TRUE,,,,,,,,deny,,,TRUE,manual,,,,,,,,,,,,,,,,,,,,,,,,,,,
,eternal-pave-diamond-hoop-earrings,,,,,,,,EAR0008-18KY-NAT,,,18K Yellow Gold,,,Natural,,,,,3990,,,TRUE,,,,,,,,deny,,,TRUE,manual,,,,,,,,,,,,,,,,,,,,,,,,,,,
,eternal-pave-diamond-hoop-earrings,,,,,,,,EAR0008-18KR-LAB,,,18K Rose Gold,,,Lab Grown,,,,,6290,,,TRUE,,,,,,,,deny,,,TRUE,manual,,,,,,,,,,,,,,,,,,,,,,,,,,,
,eternal-pave-diamond-hoop-earrings,,,,,,,,EAR0008-18KR-NAT,,,18K Rose Gold,,,Natural,,,,,4590,,,TRUE,,,,,,,,deny,,,TRUE,manual,,,,,,,,,,,,,,,,,,,,,,,,,,,
,eternal-pave-diamond-hoop-earrings,,,,,,,,EAR0008-18KW-LAB,,,18K White Gold,,,Lab Grown,,,,,7390,,,TRUE,,,,,,,,deny,,,TRUE,manual,,,,,,,,,,,,,,,,,,,,,,,,,,,
,eternal-pave-diamond-hoop-earrings,,,,,,,,EAR0008-18KW-NAT,,,18K White Gold,,,Natural,,,,,14090,,,TRUE,,,,,,,,deny,,,TRUE,manual,,,,,,,,,,,,,,,,,,,,,,,,,,,
,eternal-pave-diamond-hoop-earrings,,,,,,,,EAR0008-PT-LAB,,,Platinum,,,Lab Grown,,,,,3090,,,TRUE,,,,,,,,deny,,,TRUE,manual,,,,,,,,,,,,,,,,,,,,,,,,,,,
,eternal-pave-diamond-hoop-earrings,,,,,,,,EAR0008-PT-NAT,,,Platinum,,,Natural,,,,,4290,,,TRUE,,,,,,,,deny,,,TRUE,manual,,,,,,,,,,,,,,,,,,,,,,,,,,,
Double Row Pavé Diamond Huggie Earrings,double-row-pave-diamond-huggie-earrings,"The Double Row Pavé Diamond Huggie Earrings feature two closely aligned rows of brilliant round diamonds that create a rich, continuous display of sparkle. With an approx. total diamond weight of 0.72 carats, these elegant huggies combine everyday comfort with timeless sophistication.<!-- split --><p>The Double Row Pavé Diamond Huggie Earrings showcase two perfectly aligned rows of brilliant round diamonds, creating exceptional depth, brilliance and light from every angle..</p><p>With an approx. total diamond weight of 0.72 carats, the refined U-cut pavé setting enhances each diamond's sparkle while the compact huggie silhouette offers a comfortable, secure fit for everyday wear.</p><p>Elegant yet versatile, these earrings transition effortlessly from day to evening, making them a timeless addition to any jewellery collection.</p>",Arlena,Apparel & Accessories > Jewelry > Earrings,Earrings,"Earrings, Huggie Earrings, Diamond Huggies, Double Row Huggies, Pavé Earrings, Round Brilliant, Diamond Earrings, Luxury Jewellery, Fine Jewellery, Arlena",TRUE,active,EAR0009-10KY-LAB,,Metal,10K Yellow Gold,,Diamond,Lab Grown,,,,,2490,,,TRUE,,,,,,,,deny,,,TRUE,manual,,,,,FALSE,Double Row Pavé Diamond Huggie Earrings | Arlena,Discover Arlena's Double Row Pavé Diamond Huggie Earrings featuring approx. 0.72 carats of brilliant round diamonds in an elegant U-cut pavé setting.,,,,,,,,New,FALSE,,,,,,Round Brilliant,,,Approx. 0.72 ct,"U-Cut Pavé, Double Row Huggie",Australia
,double-row-pave-diamond-huggie-earrings,,,,,,,,EAR0009-10KY-NAT,,,10K Yellow Gold,,,Natural,,,,,3690,,,TRUE,,,,,,,,deny,,,TRUE,manual,,,,,,,,,,,,,,,,,,,,,,,,,,,
,double-row-pave-diamond-huggie-earrings,,,,,,,,EAR0009-10KR-LAB,,,10K Rose Gold,,,Lab Grown,,,,,5990,,,TRUE,,,,,,,,deny,,,TRUE,manual,,,,,,,,,,,,,,,,,,,,,,,,,,,
,double-row-pave-diamond-huggie-earrings,,,,,,,,EAR0009-10KR-NAT,,,10K Rose Gold,,,Natural,,,,,4290,,,TRUE,,,,,,,,deny,,,TRUE,manual,,,,,,,,,,,,,,,,,,,,,,,,,,,
,double-row-pave-diamond-huggie-earrings,,,,,,,,EAR0009-10KW-LAB,,,10K White Gold,,,Lab Grown,,,,,7090,,,TRUE,,,,,,,,deny,,,TRUE,manual,,,,,,,,,,,,,,,,,,,,,,,,,,,
,double-row-pave-diamond-huggie-earrings,,,,,,,,EAR0009-10KW-NAT,,,10K White Gold,,,Natural,,,,,13790,,,TRUE,,,,,,,,deny,,,TRUE,manual,,,,,,,,,,,,,,,,,,,,,,,,,,,
,double-row-pave-diamond-huggie-earrings,,,,,,,,EAR0009-14KY-LAB,,,14K Yellow Gold,,,Lab Grown,,,,,2490,,,TRUE,,,,,,,,deny,,,TRUE,manual,,,,,,,,,,,,,,,,,,,,,,,,,,,
,double-row-pave-diamond-huggie-earrings,,,,,,,,EAR0009-14KY-NAT,,,14K Yellow Gold,,,Natural,,,,,3690,,,TRUE,,,,,,,,deny,,,TRUE,manual,,,,,,,,,,,,,,,,,,,,,,,,,,,
,double-row-pave-diamond-huggie-earrings,,,,,,,,EAR0009-14KR-LAB,,,14K Rose Gold,,,Lab Grown,,,,,5990,,,TRUE,,,,,,,,deny,,,TRUE,manual,,,,,,,,,,,,,,,,,,,,,,,,,,,
,double-row-pave-diamond-huggie-earrings,,,,,,,,EAR0009-14KR-NAT,,,14K Rose Gold,,,Natural,,,,,4290,,,TRUE,,,,,,,,deny,,,TRUE,manual,,,,,,,,,,,,,,,,,,,,,,,,,,,
,double-row-pave-diamond-huggie-earrings,,,,,,,,EAR0009-14KW-LAB,,,14K White Gold,,,Lab Grown,,,,,7090,,,TRUE,,,,,,,,deny,,,TRUE,manual,,,,,,,,,,,,,,,,,,,,,,,,,,,
,double-row-pave-diamond-huggie-earrings,,,,,,,,EAR0009-14KW-NAT,,,14K White Gold,,,Natural,,,,,13790,,,TRUE,,,,,,,,deny,,,TRUE,manual,,,,,,,,,,,,,,,,,,,,,,,,,,,
,double-row-pave-diamond-huggie-earrings,,,,,,,,EAR0009-18KY-LAB,,,18K Yellow Gold,,,Lab Grown,,,,,2790,,,TRUE,,,,,,,,deny,,,TRUE,manual,,,,,,,,,,,,,,,,,,,,,,,,,,,
,double-row-pave-diamond-huggie-earrings,,,,,,,,EAR0009-18KY-NAT,,,18K Yellow Gold,,,Natural,,,,,3990,,,TRUE,,,,,,,,deny,,,TRUE,manual,,,,,,,,,,,,,,,,,,,,,,,,,,,
,double-row-pave-diamond-huggie-earrings,,,,,,,,EAR0009-18KR-LAB,,,18K Rose Gold,,,Lab Grown,,,,,6290,,,TRUE,,,,,,,,deny,,,TRUE,manual,,,,,,,,,,,,,,,,,,,,,,,,,,,
,double-row-pave-diamond-huggie-earrings,,,,,,,,EAR0009-18KR-NAT,,,18K Rose Gold,,,Natural,,,,,4590,,,TRUE,,,,,,,,deny,,,TRUE,manual,,,,,,,,,,,,,,,,,,,,,,,,,,,
,double-row-pave-diamond-huggie-earrings,,,,,,,,EAR0009-18KW-LAB,,,18K White Gold,,,Lab Grown,,,,,7390,,,TRUE,,,,,,,,deny,,,TRUE,manual,,,,,,,,,,,,,,,,,,,,,,,,,,,
,double-row-pave-diamond-huggie-earrings,,,,,,,,EAR0009-18KW-NAT,,,18K White Gold,,,Natural,,,,,14090,,,TRUE,,,,,,,,deny,,,TRUE,manual,,,,,,,,,,,,,,,,,,,,,,,,,,,
,double-row-pave-diamond-huggie-earrings,,,,,,,,EAR0009-PT-LAB,,,Platinum,,,Lab Grown,,,,,3090,,,TRUE,,,,,,,,deny,,,TRUE,manual,,,,,,,,,,,,,,,,,,,,,,,,,,,
,double-row-pave-diamond-huggie-earrings,,,,,,,,EAR0009-PT-NAT,,,Platinum,,,Natural,,,,,4290,,,TRUE,,,,,,,,deny,,,TRUE,manual,,,,,,,,,,,,,,,,,,,,,,,,,,,
Alternating Marquise & Round Diamond Inside-Out Hoop Earrings,alternating-marquise-round-diamond-inside-out-hoop-earrings,"The Alternating Marquise & Round Diamond Inside-Out Hoop Earrings showcase an elegant sequence of marquise-cut and round brilliant diamonds, creating a refined rhythm of sparkle around the entire hoop. Featuring an approx. total diamond weight of 0.65 carats, the inside-out design maximises brilliance from every angle while offering timeless sophistication for both everyday wear and special occasions.<!-- split --><p>The Alternating Marquise & Round Diamond Inside-Out Hoop Earrings feature an elegant alternating sequence of marquise-cut and round brilliant diamonds, creating a refined interplay of shape, texture and light. With an approx. total diamond weight of 0.65 carats, the inside-out setting ensures exceptional brilliance from every angle, while the distinctive marquise silhouettes add graceful elongation and contemporary elegance.</p><p>Finished with a secure hinged closure, these sophisticated hoops transition effortlessly from everyday luxury to evening occasions, offering a timeless statement with a modern edge.</p>",Arlena,Apparel & Accessories > Jewelry > Earrings,Earrings,"Earrings, Hoop Earrings, Inside-Out Hoops, Diamond Hoop Earrings, Marquise Diamond, Round Brilliant Diamond, Diamond Hoops, Luxury Jewellery, Fine Jewellery, Arlena",TRUE,active,EAR0010-10KY-LAB,,Metal,10K Yellow Gold,,Diamond,Lab Grown,,,,,2490,,,TRUE,,,,,,,,deny,,,TRUE,manual,,,,,FALSE,Alternating Marquise & Round Diamond Inside-Out Hoop Earrings | Arlena,Discover Arlena's Alternating Marquise & Round Diamond Inside-Out Hoop Earrings featuring approx. 0.65 carats of marquise and round brilliant diamonds for exceptional sparkle.,,,,,,,,New,FALSE,,,,,,"Marquise, Round Brilliant",,,Approx. 0.65 ct,"Inside-Out, Shared Prong",Australia
,alternating-marquise-round-diamond-inside-out-hoop-earrings,,,,,,,,EAR0010-10KY-NAT,,,10K Yellow Gold,,,Natural,,,,,3690,,,TRUE,,,,,,,,deny,,,TRUE,manual,,,,,,,,,,,,,,,,,,,,,,,,,,,
,alternating-marquise-round-diamond-inside-out-hoop-earrings,,,,,,,,EAR0010-10KR-LAB,,,10K Rose Gold,,,Lab Grown,,,,,5990,,,TRUE,,,,,,,,deny,,,TRUE,manual,,,,,,,,,,,,,,,,,,,,,,,,,,,
,alternating-marquise-round-diamond-inside-out-hoop-earrings,,,,,,,,EAR0010-10KR-NAT,,,10K Rose Gold,,,Natural,,,,,4290,,,TRUE,,,,,,,,deny,,,TRUE,manual,,,,,,,,,,,,,,,,,,,,,,,,,,,
,alternating-marquise-round-diamond-inside-out-hoop-earrings,,,,,,,,EAR0010-10KW-LAB,,,10K White Gold,,,Lab Grown,,,,,7090,,,TRUE,,,,,,,,deny,,,TRUE,manual,,,,,,,,,,,,,,,,,,,,,,,,,,,
,alternating-marquise-round-diamond-inside-out-hoop-earrings,,,,,,,,EAR0010-10KW-NAT,,,10K White Gold,,,Natural,,,,,13790,,,TRUE,,,,,,,,deny,,,TRUE,manual,,,,,,,,,,,,,,,,,,,,,,,,,,,
,alternating-marquise-round-diamond-inside-out-hoop-earrings,,,,,,,,EAR0010-14KY-LAB,,,14K Yellow Gold,,,Lab Grown,,,,,2490,,,TRUE,,,,,,,,deny,,,TRUE,manual,,,,,,,,,,,,,,,,,,,,,,,,,,,
,alternating-marquise-round-diamond-inside-out-hoop-earrings,,,,,,,,EAR0010-14KY-NAT,,,14K Yellow Gold,,,Natural,,,,,3690,,,TRUE,,,,,,,,deny,,,TRUE,manual,,,,,,,,,,,,,,,,,,,,,,,,,,,
,alternating-marquise-round-diamond-inside-out-hoop-earrings,,,,,,,,EAR0010-14KR-LAB,,,14K Rose Gold,,,Lab Grown,,,,,5990,,,TRUE,,,,,,,,deny,,,TRUE,manual,,,,,,,,,,,,,,,,,,,,,,,,,,,
,alternating-marquise-round-diamond-inside-out-hoop-earrings,,,,,,,,EAR0010-14KR-NAT,,,14K Rose Gold,,,Natural,,,,,4290,,,TRUE,,,,,,,,deny,,,TRUE,manual,,,,,,,,,,,,,,,,,,,,,,,,,,,
,alternating-marquise-round-diamond-inside-out-hoop-earrings,,,,,,,,EAR0010-14KW-LAB,,,14K White Gold,,,Lab Grown,,,,,7090,,,TRUE,,,,,,,,deny,,,TRUE,manual,,,,,,,,,,,,,,,,,,,,,,,,,,,
,alternating-marquise-round-diamond-inside-out-hoop-earrings,,,,,,,,EAR0010-14KW-NAT,,,14K White Gold,,,Natural,,,,,13790,,,TRUE,,,,,,,,deny,,,TRUE,manual,,,,,,,,,,,,,,,,,,,,,,,,,,,
,alternating-marquise-round-diamond-inside-out-hoop-earrings,,,,,,,,EAR0010-18KY-LAB,,,18K Yellow Gold,,,Lab Grown,,,,,2790,,,TRUE,,,,,,,,deny,,,TRUE,manual,,,,,,,,,,,,,,,,,,,,,,,,,,,
,alternating-marquise-round-diamond-inside-out-hoop-earrings,,,,,,,,EAR0010-18KY-NAT,,,18K Yellow Gold,,,Natural,,,,,3990,,,TRUE,,,,,,,,deny,,,TRUE,manual,,,,,,,,,,,,,,,,,,,,,,,,,,,
,alternating-marquise-round-diamond-inside-out-hoop-earrings,,,,,,,,EAR0010-18KR-LAB,,,18K Rose Gold,,,Lab Grown,,,,,6290,,,TRUE,,,,,,,,deny,,,TRUE,manual,,,,,,,,,,,,,,,,,,,,,,,,,,,
,alternating-marquise-round-diamond-inside-out-hoop-earrings,,,,,,,,EAR0010-18KR-NAT,,,18K Rose Gold,,,Natural,,,,,4590,,,TRUE,,,,,,,,deny,,,TRUE,manual,,,,,,,,,,,,,,,,,,,,,,,,,,,
,alternating-marquise-round-diamond-inside-out-hoop-earrings,,,,,,,,EAR0010-18KW-LAB,,,18K White Gold,,,Lab Grown,,,,,7390,,,TRUE,,,,,,,,deny,,,TRUE,manual,,,,,,,,,,,,,,,,,,,,,,,,,,,
,alternating-marquise-round-diamond-inside-out-hoop-earrings,,,,,,,,EAR0010-18KW-NAT,,,18K White Gold,,,Natural,,,,,14090,,,TRUE,,,,,,,,deny,,,TRUE,manual,,,,,,,,,,,,,,,,,,,,,,,,,,,
,alternating-marquise-round-diamond-inside-out-hoop-earrings,,,,,,,,EAR0010-PT-LAB,,,Platinum,,,Lab Grown,,,,,3090,,,TRUE,,,,,,,,deny,,,TRUE,manual,,,,,,,,,,,,,,,,,,,,,,,,,,,
,alternating-marquise-round-diamond-inside-out-hoop-earrings,,,,,,,,EAR0010-PT-NAT,,,Platinum,,,Natural,,,,,4290,,,TRUE,,,,,,,,deny,,,TRUE,manual,,,,,,,,,,,,,,,,,,,,,,,,,,,
Bezel Halo Diamond Inside-Out Hoop Earrings,bezel-halo-diamond-inside-out-hoop-earrings,"The Bezel Halo Diamond Inside-Out Hoop Earrings feature a continuous row of round brilliant diamonds, each framed by a delicate milgrain-inspired bezel halo that enhances brilliance while adding vintage-inspired elegance. Featuring an approx. total diamond weight of 0.36 carats, the inside-out design delivers sparkle from every angle, making these hoops a timeless choice for everyday luxury and special occasions.<!-- split --><p>The Bezel Halo Diamond Inside-Out Hoop Earrings showcase a continuous row of round brilliant diamonds, each framed by a finely detailed milgrain-inspired bezel halo that enhances brilliance while adding subtle vintage character. Featuring an approx. total diamond weight of 0.36 carats, the inside-out setting creates exceptional sparkle from every angle, while the refined hoop silhouette offers effortless elegance and everyday comfort.</p><p>Finished with a secure hinged closure, these versatile hoops transition seamlessly from daily wear to evening occasions, combining timeless sophistication with modern craftsmanship.</p>",Arlena,Apparel & Accessories > Jewelry > Earrings,Earrings,"Earrings, Hoop Earrings, Diamond Hoop Earrings, Inside-Out Hoops, Bezel Set Diamonds, Milgrain Earrings, Round Brilliant Diamonds, Luxury Jewellery, Fine Jewellery, Arlena",TRUE,active,EAR0011-10KY-LAB,,Metal,10K Yellow Gold,,Diamond,Lab Grown,,,,,2490,,,TRUE,,,,,,,,deny,,,TRUE,manual,,,,,FALSE,Bezel Halo Diamond Inside-Out Hoop Earrings | Arlena,Discover Arlena's Bezel Halo Diamond Inside-Out Hoop Earrings featuring approx. 0.36 carats of round brilliant diamonds with vintage-inspired milgrain halo detailing.,,,,,,,,New,FALSE,,,,,,Round Brilliant,,,Approx. 0.36 ct,"Milgrain Bezel Halo, Inside-Out",Australia
,bezel-halo-diamond-inside-out-hoop-earrings,,,,,,,,EAR0011-10KY-NAT,,,10K Yellow Gold,,,Natural,,,,,3690,,,TRUE,,,,,,,,deny,,,TRUE,manual,,,,,,,,,,,,,,,,,,,,,,,,,,,
,bezel-halo-diamond-inside-out-hoop-earrings,,,,,,,,EAR0011-10KR-LAB,,,10K Rose Gold,,,Lab Grown,,,,,5990,,,TRUE,,,,,,,,deny,,,TRUE,manual,,,,,,,,,,,,,,,,,,,,,,,,,,,
,bezel-halo-diamond-inside-out-hoop-earrings,,,,,,,,EAR0011-10KR-NAT,,,10K Rose Gold,,,Natural,,,,,4290,,,TRUE,,,,,,,,deny,,,TRUE,manual,,,,,,,,,,,,,,,,,,,,,,,,,,,
,bezel-halo-diamond-inside-out-hoop-earrings,,,,,,,,EAR0011-10KW-LAB,,,10K White Gold,,,Lab Grown,,,,,7090,,,TRUE,,,,,,,,deny,,,TRUE,manual,,,,,,,,,,,,,,,,,,,,,,,,,,,
,bezel-halo-diamond-inside-out-hoop-earrings,,,,,,,,EAR0011-10KW-NAT,,,10K White Gold,,,Natural,,,,,13790,,,TRUE,,,,,,,,deny,,,TRUE,manual,,,,,,,,,,,,,,,,,,,,,,,,,,,
,bezel-halo-diamond-inside-out-hoop-earrings,,,,,,,,EAR0011-14KY-LAB,,,14K Yellow Gold,,,Lab Grown,,,,,2490,,,TRUE,,,,,,,,deny,,,TRUE,manual,,,,,,,,,,,,,,,,,,,,,,,,,,,
,bezel-halo-diamond-inside-out-hoop-earrings,,,,,,,,EAR0011-14KY-NAT,,,14K Yellow Gold,,,Natural,,,,,3690,,,TRUE,,,,,,,,deny,,,TRUE,manual,,,,,,,,,,,,,,,,,,,,,,,,,,,
,bezel-halo-diamond-inside-out-hoop-earrings,,,,,,,,EAR0011-14KR-LAB,,,14K Rose Gold,,,Lab Grown,,,,,5990,,,TRUE,,,,,,,,deny,,,TRUE,manual,,,,,,,,,,,,,,,,,,,,,,,,,,,
,bezel-halo-diamond-inside-out-hoop-earrings,,,,,,,,EAR0011-14KR-NAT,,,14K Rose Gold,,,Natural,,,,,4290,,,TRUE,,,,,,,,deny,,,TRUE,manual,,,,,,,,,,,,,,,,,,,,,,,,,,,
,bezel-halo-diamond-inside-out-hoop-earrings,,,,,,,,EAR0011-14KW-LAB,,,14K White Gold,,,Lab Grown,,,,,7090,,,TRUE,,,,,,,,deny,,,TRUE,manual,,,,,,,,,,,,,,,,,,,,,,,,,,,
,bezel-halo-diamond-inside-out-hoop-earrings,,,,,,,,EAR0011-14KW-NAT,,,14K White Gold,,,Natural,,,,,13790,,,TRUE,,,,,,,,deny,,,TRUE,manual,,,,,,,,,,,,,,,,,,,,,,,,,,,
,bezel-halo-diamond-inside-out-hoop-earrings,,,,,,,,EAR0011-18KY-LAB,,,18K Yellow Gold,,,Lab Grown,,,,,2790,,,TRUE,,,,,,,,deny,,,TRUE,manual,,,,,,,,,,,,,,,,,,,,,,,,,,,
,bezel-halo-diamond-inside-out-hoop-earrings,,,,,,,,EAR0011-18KY-NAT,,,18K Yellow Gold,,,Natural,,,,,3990,,,TRUE,,,,,,,,deny,,,TRUE,manual,,,,,,,,,,,,,,,,,,,,,,,,,,,
,bezel-halo-diamond-inside-out-hoop-earrings,,,,,,,,EAR0011-18KR-LAB,,,18K Rose Gold,,,Lab Grown,,,,,6290,,,TRUE,,,,,,,,deny,,,TRUE,manual,,,,,,,,,,,,,,,,,,,,,,,,,,,
,bezel-halo-diamond-inside-out-hoop-earrings,,,,,,,,EAR0011-18KR-NAT,,,18K Rose Gold,,,Natural,,,,,4590,,,TRUE,,,,,,,,deny,,,TRUE,manual,,,,,,,,,,,,,,,,,,,,,,,,,,,
,bezel-halo-diamond-inside-out-hoop-earrings,,,,,,,,EAR0011-18KW-LAB,,,18K White Gold,,,Lab Grown,,,,,7390,,,TRUE,,,,,,,,deny,,,TRUE,manual,,,,,,,,,,,,,,,,,,,,,,,,,,,
,bezel-halo-diamond-inside-out-hoop-earrings,,,,,,,,EAR0011-18KW-NAT,,,18K White Gold,,,Natural,,,,,14090,,,TRUE,,,,,,,,deny,,,TRUE,manual,,,,,,,,,,,,,,,,,,,,,,,,,,,
,bezel-halo-diamond-inside-out-hoop-earrings,,,,,,,,EAR0011-PT-LAB,,,Platinum,,,Lab Grown,,,,,3090,,,TRUE,,,,,,,,deny,,,TRUE,manual,,,,,,,,,,,,,,,,,,,,,,,,,,,
,bezel-halo-diamond-inside-out-hoop-earrings,,,,,,,,EAR0011-PT-NAT,,,Platinum,,,Natural,,,,,4290,,,TRUE,,,,,,,,deny,,,TRUE,manual,,,,,,,,,,,,,,,,,,,,,,,,,,,
Double Row Marquise Diamond Hoop Earrings,double-row-marquise-diamond-hoop-earrings,"The Double Row Marquise Diamond Hoop Earrings feature two perfectly aligned rows of marquise-cut diamonds that create a striking elongated silhouette with exceptional brilliance. Featuring an approx. total diamond weight of 1.60 carats, these elegant hoops maximise light reflection while offering a sophisticated statement that transitions effortlessly from everyday luxury to special occasions.<!-- split --><p>The Double Row Marquise Diamond Hoop Earrings showcase two beautifully aligned rows of marquise-cut diamonds, creating a graceful elongated silhouette with exceptional brilliance and refined symmetry. Featuring an approx. total diamond weight of 1.60 carats, the carefully arranged marquise diamonds maximise light reflection while adding elegant movement and dimension.</p><p>Finished with a secure hinged closure and smooth inner profile for comfortable all-day wear, these sophisticated hoops balance contemporary style with timeless elegance, making them a standout addition to any fine jewellery collection.</p>",Arlena,Apparel & Accessories > Jewelry > Earrings,Earrings,"Earrings, Hoop Earrings, Marquise Diamond Hoops, Diamond Hoop Earrings, Marquise Cut Diamonds, Luxury Jewellery, Fine Jewellery, Arlena",TRUE,active,EAR0012-10KY-LAB,,Metal,10K Yellow Gold,,Diamond,Lab Grown,,,,,2490,,,TRUE,,,,,,,,deny,,,TRUE,manual,,,,,FALSE,Double Row Marquise Diamond Hoop Earrings | Arlena,Discover Arlena's Double Row Marquise Diamond Hoop Earrings featuring approx. 1.60 carats of marquise-cut diamonds in a striking double-row design.,,,,,,,,New,FALSE,,,,,,Marquise,,,Approx. 1.60 ct,"Shared Prong, Double Row",Australia
,double-row-marquise-diamond-hoop-earrings,,,,,,,,EAR0012-10KY-NAT,,,10K Yellow Gold,,,Natural,,,,,3690,,,TRUE,,,,,,,,deny,,,TRUE,manual,,,,,,,,,,,,,,,,,,,,,,,,,,,
,double-row-marquise-diamond-hoop-earrings,,,,,,,,EAR0012-10KR-LAB,,,10K Rose Gold,,,Lab Grown,,,,,5990,,,TRUE,,,,,,,,deny,,,TRUE,manual,,,,,,,,,,,,,,,,,,,,,,,,,,,
,double-row-marquise-diamond-hoop-earrings,,,,,,,,EAR0012-10KR-NAT,,,10K Rose Gold,,,Natural,,,,,4290,,,TRUE,,,,,,,,deny,,,TRUE,manual,,,,,,,,,,,,,,,,,,,,,,,,,,,
,double-row-marquise-diamond-hoop-earrings,,,,,,,,EAR0012-10KW-LAB,,,10K White Gold,,,Lab Grown,,,,,7090,,,TRUE,,,,,,,,deny,,,TRUE,manual,,,,,,,,,,,,,,,,,,,,,,,,,,,
,double-row-marquise-diamond-hoop-earrings,,,,,,,,EAR0012-10KW-NAT,,,10K White Gold,,,Natural,,,,,13790,,,TRUE,,,,,,,,deny,,,TRUE,manual,,,,,,,,,,,,,,,,,,,,,,,,,,,
,double-row-marquise-diamond-hoop-earrings,,,,,,,,EAR0012-14KY-LAB,,,14K Yellow Gold,,,Lab Grown,,,,,2490,,,TRUE,,,,,,,,deny,,,TRUE,manual,,,,,,,,,,,,,,,,,,,,,,,,,,,
,double-row-marquise-diamond-hoop-earrings,,,,,,,,EAR0012-14KY-NAT,,,14K Yellow Gold,,,Natural,,,,,3690,,,TRUE,,,,,,,,deny,,,TRUE,manual,,,,,,,,,,,,,,,,,,,,,,,,,,,
,double-row-marquise-diamond-hoop-earrings,,,,,,,,EAR0012-14KR-LAB,,,14K Rose Gold,,,Lab Grown,,,,,5990,,,TRUE,,,,,,,,deny,,,TRUE,manual,,,,,,,,,,,,,,,,,,,,,,,,,,,
,double-row-marquise-diamond-hoop-earrings,,,,,,,,EAR0012-14KR-NAT,,,14K Rose Gold,,,Natural,,,,,4290,,,TRUE,,,,,,,,deny,,,TRUE,manual,,,,,,,,,,,,,,,,,,,,,,,,,,,
,double-row-marquise-diamond-hoop-earrings,,,,,,,,EAR0012-14KW-LAB,,,14K White Gold,,,Lab Grown,,,,,7090,,,TRUE,,,,,,,,deny,,,TRUE,manual,,,,,,,,,,,,,,,,,,,,,,,,,,,
,double-row-marquise-diamond-hoop-earrings,,,,,,,,EAR0012-14KW-NAT,,,14K White Gold,,,Natural,,,,,13790,,,TRUE,,,,,,,,deny,,,TRUE,manual,,,,,,,,,,,,,,,,,,,,,,,,,,,
,double-row-marquise-diamond-hoop-earrings,,,,,,,,EAR0012-18KY-LAB,,,18K Yellow Gold,,,Lab Grown,,,,,2790,,,TRUE,,,,,,,,deny,,,TRUE,manual,,,,,,,,,,,,,,,,,,,,,,,,,,,
,double-row-marquise-diamond-hoop-earrings,,,,,,,,EAR0012-18KY-NAT,,,18K Yellow Gold,,,Natural,,,,,3990,,,TRUE,,,,,,,,deny,,,TRUE,manual,,,,,,,,,,,,,,,,,,,,,,,,,,,
,double-row-marquise-diamond-hoop-earrings,,,,,,,,EAR0012-18KR-LAB,,,18K Rose Gold,,,Lab Grown,,,,,6290,,,TRUE,,,,,,,,deny,,,TRUE,manual,,,,,,,,,,,,,,,,,,,,,,,,,,,
,double-row-marquise-diamond-hoop-earrings,,,,,,,,EAR0012-18KR-NAT,,,18K Rose Gold,,,Natural,,,,,4590,,,TRUE,,,,,,,,deny,,,TRUE,manual,,,,,,,,,,,,,,,,,,,,,,,,,,,
,double-row-marquise-diamond-hoop-earrings,,,,,,,,EAR0012-18KW-LAB,,,18K White Gold,,,Lab Grown,,,,,7390,,,TRUE,,,,,,,,deny,,,TRUE,manual,,,,,,,,,,,,,,,,,,,,,,,,,,,
,double-row-marquise-diamond-hoop-earrings,,,,,,,,EAR0012-18KW-NAT,,,18K White Gold,,,Natural,,,,,14090,,,TRUE,,,,,,,,deny,,,TRUE,manual,,,,,,,,,,,,,,,,,,,,,,,,,,,
,double-row-marquise-diamond-hoop-earrings,,,,,,,,EAR0012-PT-LAB,,,Platinum,,,Lab Grown,,,,,3090,,,TRUE,,,,,,,,deny,,,TRUE,manual,,,,,,,,,,,,,,,,,,,,,,,,,,,
,double-row-marquise-diamond-hoop-earrings,,,,,,,,EAR0012-PT-NAT,,,Platinum,,,Natural,,,,,4290,,,TRUE,,,,,,,,deny,,,TRUE,manual,,,,,,,,,,,,,,,,,,,,,,,,,,,
Inset Diamond Huggie Earrings,inset-diamond-huggie-earrings,"The Inset Diamond Huggie Earrings embody understated luxury with a sleek architectural silhouette and a refined channel of round brilliant diamonds set seamlessly into polished precious metal. Featuring 16 round brilliant diamonds with an approx. total diamond weight of 0.14 carats, these elegant huggies deliver subtle sparkle and exceptional everyday versatility..<!-- split --><p>The Inset Diamond Huggie Earrings are designed for those who appreciate clean lines and timeless sophistication. A precisely recessed row of 16 round brilliant diamonds, with an approx. total diamond weight of 0.14 carats, is seamlessly integrated into the polished metal, creating a refined channel of brilliance while maintaining a smooth contemporary profile.</p><p>The minimalist design highlights the natural sparkle of each diamond without overwhelming the silhouette, making these earrings ideal for everyday wear. Finished with a secure hinged huggie closure for lasting comfort, they transition effortlessly from casual styling to evening elegance, becoming an essential staple in any fine jewellery collection.</p>",Arlena,Apparel & Accessories > Jewelry > Earrings,Earrings,"Earrings, Huggie Earrings, Diamond Huggies, Channel Set Earrings, Round Brilliant Diamonds, Minimalist Jewellery, Luxury Jewellery, Fine Jewellery, Everyday Earrings, Arlena",TRUE,active,EAR0013-10KY-LAB,,Metal,10K Yellow Gold,,Diamond,Lab Grown,,,,,2490,,,TRUE,,,,,,,,deny,,,TRUE,manual,,,,,FALSE,Inset Diamond Huggie Earrings | Arlena,Discover Arlena's Inset Diamond Huggie Earrings featuring 16 round brilliant diamonds with approximately 0.14 carats total weight in a sleek channel-set design.,,,,,,,,New,FALSE,,,,,,Round Brilliant,,,Approx. 0.14 ct,Channel Setting,Australia
,inset-diamond-huggie-earrings,,,,,,,,EAR0013-10KY-NAT,,,10K Yellow Gold,,,Natural,,,,,3690,,,TRUE,,,,,,,,deny,,,TRUE,manual,,,,,,,,,,,,,,,,,,,,,,,,,,,
,inset-diamond-huggie-earrings,,,,,,,,EAR0013-10KR-LAB,,,10K Rose Gold,,,Lab Grown,,,,,5990,,,TRUE,,,,,,,,deny,,,TRUE,manual,,,,,,,,,,,,,,,,,,,,,,,,,,,
,inset-diamond-huggie-earrings,,,,,,,,EAR0013-10KR-NAT,,,10K Rose Gold,,,Natural,,,,,4290,,,TRUE,,,,,,,,deny,,,TRUE,manual,,,,,,,,,,,,,,,,,,,,,,,,,,,
,inset-diamond-huggie-earrings,,,,,,,,EAR0013-10KW-LAB,,,10K White Gold,,,Lab Grown,,,,,7090,,,TRUE,,,,,,,,deny,,,TRUE,manual,,,,,,,,,,,,,,,,,,,,,,,,,,,
,inset-diamond-huggie-earrings,,,,,,,,EAR0013-10KW-NAT,,,10K White Gold,,,Natural,,,,,13790,,,TRUE,,,,,,,,deny,,,TRUE,manual,,,,,,,,,,,,,,,,,,,,,,,,,,,
,inset-diamond-huggie-earrings,,,,,,,,EAR0013-14KY-LAB,,,14K Yellow Gold,,,Lab Grown,,,,,2490,,,TRUE,,,,,,,,deny,,,TRUE,manual,,,,,,,,,,,,,,,,,,,,,,,,,,,
,inset-diamond-huggie-earrings,,,,,,,,EAR0013-14KY-NAT,,,14K Yellow Gold,,,Natural,,,,,3690,,,TRUE,,,,,,,,deny,,,TRUE,manual,,,,,,,,,,,,,,,,,,,,,,,,,,,
,inset-diamond-huggie-earrings,,,,,,,,EAR0013-14KR-LAB,,,14K Rose Gold,,,Lab Grown,,,,,5990,,,TRUE,,,,,,,,deny,,,TRUE,manual,,,,,,,,,,,,,,,,,,,,,,,,,,,
,inset-diamond-huggie-earrings,,,,,,,,EAR0013-14KR-NAT,,,14K Rose Gold,,,Natural,,,,,4290,,,TRUE,,,,,,,,deny,,,TRUE,manual,,,,,,,,,,,,,,,,,,,,,,,,,,,
,inset-diamond-huggie-earrings,,,,,,,,EAR0013-14KW-LAB,,,14K White Gold,,,Lab Grown,,,,,7090,,,TRUE,,,,,,,,deny,,,TRUE,manual,,,,,,,,,,,,,,,,,,,,,,,,,,,
,inset-diamond-huggie-earrings,,,,,,,,EAR0013-14KW-NAT,,,14K White Gold,,,Natural,,,,,13790,,,TRUE,,,,,,,,deny,,,TRUE,manual,,,,,,,,,,,,,,,,,,,,,,,,,,,
,inset-diamond-huggie-earrings,,,,,,,,EAR0013-18KY-LAB,,,18K Yellow Gold,,,Lab Grown,,,,,2790,,,TRUE,,,,,,,,deny,,,TRUE,manual,,,,,,,,,,,,,,,,,,,,,,,,,,,
,inset-diamond-huggie-earrings,,,,,,,,EAR0013-18KY-NAT,,,18K Yellow Gold,,,Natural,,,,,3990,,,TRUE,,,,,,,,deny,,,TRUE,manual,,,,,,,,,,,,,,,,,,,,,,,,,,,
,inset-diamond-huggie-earrings,,,,,,,,EAR0013-18KR-LAB,,,18K Rose Gold,,,Lab Grown,,,,,6290,,,TRUE,,,,,,,,deny,,,TRUE,manual,,,,,,,,,,,,,,,,,,,,,,,,,,,
,inset-diamond-huggie-earrings,,,,,,,,EAR0013-18KR-NAT,,,18K Rose Gold,,,Natural,,,,,4590,,,TRUE,,,,,,,,deny,,,TRUE,manual,,,,,,,,,,,,,,,,,,,,,,,,,,,
,inset-diamond-huggie-earrings,,,,,,,,EAR0013-18KW-LAB,,,18K White Gold,,,Lab Grown,,,,,7390,,,TRUE,,,,,,,,deny,,,TRUE,manual,,,,,,,,,,,,,,,,,,,,,,,,,,,
,inset-diamond-huggie-earrings,,,,,,,,EAR0013-18KW-NAT,,,18K White Gold,,,Natural,,,,,14090,,,TRUE,,,,,,,,deny,,,TRUE,manual,,,,,,,,,,,,,,,,,,,,,,,,,,,
,inset-diamond-huggie-earrings,,,,,,,,EAR0013-PT-LAB,,,Platinum,,,Lab Grown,,,,,3090,,,TRUE,,,,,,,,deny,,,TRUE,manual,,,,,,,,,,,,,,,,,,,,,,,,,,,
,inset-diamond-huggie-earrings,,,,,,,,EAR0013-PT-NAT,,,Platinum,,,Natural,,,,,4290,,,TRUE,,,,,,,,deny,,,TRUE,manual,,,,,,,,,,,,,,,,,,,,,,,,,,,
Radiant Halo Diamond Hoop Earrings,radiant-halo-diamond-hoop-earrings,"The Radiant Halo Diamond Hoop Earrings showcase an elegant interplay of baguette-cut and round brilliant diamonds, creating a striking halo-inspired silhouette with exceptional sparkle. Featuring 18 baguette diamonds and 16 round brilliant diamonds with an approx. total diamond weight of 0.77 carats, these contemporary hoops offer timeless sophistication for both everyday elegance and special occasions.<!-- split --><p>The Radiant Halo Diamond Hoop Earrings blend modern geometry with classic brilliance through a captivating arrangement of alternating baguette-cut and round brilliant diamonds. Precision-set around the front of each hoop, the combination of sleek baguette diamonds and sparkling round stones creates a radiant halo effect that catches the light from every angle.</p><p>Crafted in your choice of premium gold or platinum, the elegant open hoop silhouette offers a refined balance of architectural lines and timeless luxury. Designed with a secure post and butterfly back for comfortable all-day wear, these earrings effortlessly transition from daytime sophistication to evening glamour, making them a standout addition to any fine jewellery collection.</p>",Arlena,Apparel & Accessories > Jewelry > Earrings,Earrings,"Earrings, Hoop Earrings, Diamond Hoop Earrings, Halo Earrings, Baguette Diamonds, Round Brilliant Diamonds, Statement Earrings, Luxury Jewellery, Fine Jewellery, Contemporary Jewellery, Arlena",TRUE,active,EAR0014-10KY-LAB,,Metal,10K Yellow Gold,,Diamond,Lab Grown,,,,,2490,,,TRUE,,,,,,,,deny,,,TRUE,manual,,,,,FALSE,Radiant Halo Diamond Hoop Earrings | Arlena,Discover Arlena's Radiant Halo Diamond Hoop Earrings featuring 18 baguette and 16 round brilliant diamonds with approximately 0.77 carats total weight in an elegant halo-inspired design.,,,,,,,,New,FALSE,,,,,,"Baguette, Round Brilliant",,,Approx. 0.77 ct,"Four Claw, Bezel",Australia
,radiant-halo-diamond-hoop-earrings,,,,,,,,EAR0014-10KY-NAT,,,10K Yellow Gold,,,Natural,,,,,3690,,,TRUE,,,,,,,,deny,,,TRUE,manual,,,,,,,,,,,,,,,,,,,,,,,,,,,
,radiant-halo-diamond-hoop-earrings,,,,,,,,EAR0014-10KR-LAB,,,10K Rose Gold,,,Lab Grown,,,,,5990,,,TRUE,,,,,,,,deny,,,TRUE,manual,,,,,,,,,,,,,,,,,,,,,,,,,,,
,radiant-halo-diamond-hoop-earrings,,,,,,,,EAR0014-10KR-NAT,,,10K Rose Gold,,,Natural,,,,,4290,,,TRUE,,,,,,,,deny,,,TRUE,manual,,,,,,,,,,,,,,,,,,,,,,,,,,,
,radiant-halo-diamond-hoop-earrings,,,,,,,,EAR0014-10KW-LAB,,,10K White Gold,,,Lab Grown,,,,,7090,,,TRUE,,,,,,,,deny,,,TRUE,manual,,,,,,,,,,,,,,,,,,,,,,,,,,,
,radiant-halo-diamond-hoop-earrings,,,,,,,,EAR0014-10KW-NAT,,,10K White Gold,,,Natural,,,,,13790,,,TRUE,,,,,,,,deny,,,TRUE,manual,,,,,,,,,,,,,,,,,,,,,,,,,,,
,radiant-halo-diamond-hoop-earrings,,,,,,,,EAR0014-14KY-LAB,,,14K Yellow Gold,,,Lab Grown,,,,,2490,,,TRUE,,,,,,,,deny,,,TRUE,manual,,,,,,,,,,,,,,,,,,,,,,,,,,,
,radiant-halo-diamond-hoop-earrings,,,,,,,,EAR0014-14KY-NAT,,,14K Yellow Gold,,,Natural,,,,,3690,,,TRUE,,,,,,,,deny,,,TRUE,manual,,,,,,,,,,,,,,,,,,,,,,,,,,,
,radiant-halo-diamond-hoop-earrings,,,,,,,,EAR0014-14KR-LAB,,,14K Rose Gold,,,Lab Grown,,,,,5990,,,TRUE,,,,,,,,deny,,,TRUE,manual,,,,,,,,,,,,,,,,,,,,,,,,,,,
,radiant-halo-diamond-hoop-earrings,,,,,,,,EAR0014-14KR-NAT,,,14K Rose Gold,,,Natural,,,,,4290,,,TRUE,,,,,,,,deny,,,TRUE,manual,,,,,,,,,,,,,,,,,,,,,,,,,,,
,radiant-halo-diamond-hoop-earrings,,,,,,,,EAR0014-14KW-LAB,,,14K White Gold,,,Lab Grown,,,,,7090,,,TRUE,,,,,,,,deny,,,TRUE,manual,,,,,,,,,,,,,,,,,,,,,,,,,,,
,radiant-halo-diamond-hoop-earrings,,,,,,,,EAR0014-14KW-NAT,,,14K White Gold,,,Natural,,,,,13790,,,TRUE,,,,,,,,deny,,,TRUE,manual,,,,,,,,,,,,,,,,,,,,,,,,,,,
,radiant-halo-diamond-hoop-earrings,,,,,,,,EAR0014-18KY-LAB,,,18K Yellow Gold,,,Lab Grown,,,,,2790,,,TRUE,,,,,,,,deny,,,TRUE,manual,,,,,,,,,,,,,,,,,,,,,,,,,,,
,radiant-halo-diamond-hoop-earrings,,,,,,,,EAR0014-18KY-NAT,,,18K Yellow Gold,,,Natural,,,,,3990,,,TRUE,,,,,,,,deny,,,TRUE,manual,,,,,,,,,,,,,,,,,,,,,,,,,,,
,radiant-halo-diamond-hoop-earrings,,,,,,,,EAR0014-18KR-LAB,,,18K Rose Gold,,,Lab Grown,,,,,6290,,,TRUE,,,,,,,,deny,,,TRUE,manual,,,,,,,,,,,,,,,,,,,,,,,,,,,
,radiant-halo-diamond-hoop-earrings,,,,,,,,EAR0014-18KR-NAT,,,18K Rose Gold,,,Natural,,,,,4590,,,TRUE,,,,,,,,deny,,,TRUE,manual,,,,,,,,,,,,,,,,,,,,,,,,,,,
,radiant-halo-diamond-hoop-earrings,,,,,,,,EAR0014-18KW-LAB,,,18K White Gold,,,Lab Grown,,,,,7390,,,TRUE,,,,,,,,deny,,,TRUE,manual,,,,,,,,,,,,,,,,,,,,,,,,,,,
,radiant-halo-diamond-hoop-earrings,,,,,,,,EAR0014-18KW-NAT,,,18K White Gold,,,Natural,,,,,14090,,,TRUE,,,,,,,,deny,,,TRUE,manual,,,,,,,,,,,,,,,,,,,,,,,,,,,
,radiant-halo-diamond-hoop-earrings,,,,,,,,EAR0014-PT-LAB,,,Platinum,,,Lab Grown,,,,,3090,,,TRUE,,,,,,,,deny,,,TRUE,manual,,,,,,,,,,,,,,,,,,,,,,,,,,,
,radiant-halo-diamond-hoop-earrings,,,,,,,,EAR0014-PT-NAT,,,Platinum,,,Natural,,,,,4290,,,TRUE,,,,,,,,deny,,,TRUE,manual,,,,,,,,,,,,,,,,,,,,,,,,,,,
Classic Pavé Diamond Hoop Earrings,classic-pave-diamond-hoop-earrings,"The Classic Pavé Diamond Hoop Earrings embody timeless sophistication with a refined single row of round brilliant diamonds delicately pavé set along the front of each polished hoop. Featuring 76 round brilliant diamonds with an approx. total diamond weight of 0.38 carats, these elegant hoops deliver subtle sparkle and effortless versatility for everyday luxury and special occasions.<!-- split --><p>The Classic Pavé Diamond Hoop Earrings are designed to celebrate understated elegance through clean architectural lines and exceptional craftsmanship. A single row of meticulously pavé-set round brilliant diamonds traces the front of each polished hoop, creating a continuous ribbon of light while maintaining a sleek, contemporary profile.</p><p>Crafted in your choice of premium gold or platinum, the secure hinged huggie closure offers comfortable all-day wear with a seamless finish. Equally suited to everyday styling or evening occasions, these refined hoops are an enduring jewellery essential that pairs effortlessly with any collection.</p>",Arlena,Apparel & Accessories > Jewelry > Earrings,Earrings,"Earrings, Hoop Earrings, Pavé Diamond Earrings, Diamond Hoop Earrings, Round Brilliant Diamonds, Huggie Earrings, Luxury Jewellery, Fine Jewellery, Everyday Jewellery, Contemporary Jewellery, Arlena",TRUE,active,EAR0015-10KY-LAB,,Metal,10K Yellow Gold,,Diamond,Lab Grown,,,,,2490,,,TRUE,,,,,,,,deny,,,TRUE,manual,,,,,FALSE,Classic Pavé Diamond Hoop Earrings | Arlena,Discover Arlena's Classic Pavé Diamond Hoop Earrings featuring 76 round brilliant diamonds with approximately 0.38 carats total weight. Timeless fine jewellery crafted in premium gold or platinum.,,,,,,,,New,FALSE,,,,,,Round Brilliant,,,Approx. 0.38 ct,Pavé Setting,Australia
,classic-pave-diamond-hoop-earrings,,,,,,,,EAR0015-10KY-NAT,,,10K Yellow Gold,,,Natural,,,,,3690,,,TRUE,,,,,,,,deny,,,TRUE,manual,,,,,,,,,,,,,,,,,,,,,,,,,,,
,classic-pave-diamond-hoop-earrings,,,,,,,,EAR0015-10KR-LAB,,,10K Rose Gold,,,Lab Grown,,,,,5990,,,TRUE,,,,,,,,deny,,,TRUE,manual,,,,,,,,,,,,,,,,,,,,,,,,,,,
,classic-pave-diamond-hoop-earrings,,,,,,,,EAR0015-10KR-NAT,,,10K Rose Gold,,,Natural,,,,,4290,,,TRUE,,,,,,,,deny,,,TRUE,manual,,,,,,,,,,,,,,,,,,,,,,,,,,,
,classic-pave-diamond-hoop-earrings,,,,,,,,EAR0015-10KW-LAB,,,10K White Gold,,,Lab Grown,,,,,7090,,,TRUE,,,,,,,,deny,,,TRUE,manual,,,,,,,,,,,,,,,,,,,,,,,,,,,
,classic-pave-diamond-hoop-earrings,,,,,,,,EAR0015-10KW-NAT,,,10K White Gold,,,Natural,,,,,13790,,,TRUE,,,,,,,,deny,,,TRUE,manual,,,,,,,,,,,,,,,,,,,,,,,,,,,
,classic-pave-diamond-hoop-earrings,,,,,,,,EAR0015-14KY-LAB,,,14K Yellow Gold,,,Lab Grown,,,,,2490,,,TRUE,,,,,,,,deny,,,TRUE,manual,,,,,,,,,,,,,,,,,,,,,,,,,,,
,classic-pave-diamond-hoop-earrings,,,,,,,,EAR0015-14KY-NAT,,,14K Yellow Gold,,,Natural,,,,,3690,,,TRUE,,,,,,,,deny,,,TRUE,manual,,,,,,,,,,,,,,,,,,,,,,,,,,,
,classic-pave-diamond-hoop-earrings,,,,,,,,EAR0015-14KR-LAB,,,14K Rose Gold,,,Lab Grown,,,,,5990,,,TRUE,,,,,,,,deny,,,TRUE,manual,,,,,,,,,,,,,,,,,,,,,,,,,,,
,classic-pave-diamond-hoop-earrings,,,,,,,,EAR0015-14KR-NAT,,,14K Rose Gold,,,Natural,,,,,4290,,,TRUE,,,,,,,,deny,,,TRUE,manual,,,,,,,,,,,,,,,,,,,,,,,,,,,
,classic-pave-diamond-hoop-earrings,,,,,,,,EAR0015-14KW-LAB,,,14K White Gold,,,Lab Grown,,,,,7090,,,TRUE,,,,,,,,deny,,,TRUE,manual,,,,,,,,,,,,,,,,,,,,,,,,,,,
,classic-pave-diamond-hoop-earrings,,,,,,,,EAR0015-14KW-NAT,,,14K White Gold,,,Natural,,,,,13790,,,TRUE,,,,,,,,deny,,,TRUE,manual,,,,,,,,,,,,,,,,,,,,,,,,,,,
,classic-pave-diamond-hoop-earrings,,,,,,,,EAR0015-18KY-LAB,,,18K Yellow Gold,,,Lab Grown,,,,,2790,,,TRUE,,,,,,,,deny,,,TRUE,manual,,,,,,,,,,,,,,,,,,,,,,,,,,,
,classic-pave-diamond-hoop-earrings,,,,,,,,EAR0015-18KY-NAT,,,18K Yellow Gold,,,Natural,,,,,3990,,,TRUE,,,,,,,,deny,,,TRUE,manual,,,,,,,,,,,,,,,,,,,,,,,,,,,
,classic-pave-diamond-hoop-earrings,,,,,,,,EAR0015-18KR-LAB,,,18K Rose Gold,,,Lab Grown,,,,,6290,,,TRUE,,,,,,,,deny,,,TRUE,manual,,,,,,,,,,,,,,,,,,,,,,,,,,,
,classic-pave-diamond-hoop-earrings,,,,,,,,EAR0015-18KR-NAT,,,18K Rose Gold,,,Natural,,,,,4590,,,TRUE,,,,,,,,deny,,,TRUE,manual,,,,,,,,,,,,,,,,,,,,,,,,,,,
,classic-pave-diamond-hoop-earrings,,,,,,,,EAR0015-18KW-LAB,,,18K White Gold,,,Lab Grown,,,,,7390,,,TRUE,,,,,,,,deny,,,TRUE,manual,,,,,,,,,,,,,,,,,,,,,,,,,,,
,classic-pave-diamond-hoop-earrings,,,,,,,,EAR0015-18KW-NAT,,,18K White Gold,,,Natural,,,,,14090,,,TRUE,,,,,,,,deny,,,TRUE,manual,,,,,,,,,,,,,,,,,,,,,,,,,,,
,classic-pave-diamond-hoop-earrings,,,,,,,,EAR0015-PT-LAB,,,Platinum,,,Lab Grown,,,,,3090,,,TRUE,,,,,,,,deny,,,TRUE,manual,,,,,,,,,,,,,,,,,,,,,,,,,,,
,classic-pave-diamond-hoop-earrings,,,,,,,,EAR0015-PT-NAT,,,Platinum,,,Natural,,,,,4290,,,TRUE,,,,,,,,deny,,,TRUE,manual,,,,,,,,,,,,,,,,,,,,,,,,,,,
Heart Diamond Huggie Earrings,heart-diamond-huggie-earrings,"The Heart Diamond Huggie Earrings celebrate romance with a graceful row of 14 heart-cut diamonds, delivering approx. 2.25 carats total weight of exceptional brilliance.  Crafted in luxurious gold or platinum, their timeless silhouette and radiant sparkle make these earrings a meaningful statement for everyday elegance and life's special moments.<!-- split --><p>The Heart Diamond Huggie Earrings are a romantic interpretation of the classic huggie silhouette, featuring fourteen perfectly matched heart-cut diamonds that create a continuous display of brilliance along the front of each hoop. Expertly crafted in your choice of premium gold or platinum, each heart-shaped diamond is securely set to maximise light performance while preserving the elegant contours of the design.</p><p>A refined hinged huggie closure ensures a seamless fit and exceptional comfort, making these earrings ideal for everyday wear while remaining sophisticated enough for evening occasions. Symbolising love, elegance, and timeless beauty, they are a distinctive addition to any fine jewellery collection.</p>",Arlena,Apparel & Accessories > Jewelry > Earrings,Earrings,"Earrings, Huggie Earrings, Heart Diamond Earrings, Heart Cut Diamond Earrings, Diamond Hoop Earrings, Heart Jewellery, Fine Jewellery, Luxury Jewellery, Romantic Jewellery, Everyday Luxury, Arlena",TRUE,active,EAR0016-10KY-LAB,,Metal,10K Yellow Gold,,Diamond,Lab Grown,,,,,2490,,,TRUE,,,,,,,,deny,,,TRUE,manual,,,,,FALSE,Heart Diamond Huggie Earrings | Arlena,Discover Arlena's Heart Diamond Huggie Earrings featuring 14 heart-cut diamonds in a timeless huggie design. Expertly crafted in premium gold or platinum for everyday elegance and special occasions.,,,,,,,,New,FALSE,,,,,,Heart Cut,,,Approx. 2.25 ct,Prong Setting,Australia
,heart-diamond-huggie-earrings,,,,,,,,EAR0016-10KY-NAT,,,10K Yellow Gold,,,Natural,,,,,3690,,,TRUE,,,,,,,,deny,,,TRUE,manual,,,,,,,,,,,,,,,,,,,,,,,,,,,
,heart-diamond-huggie-earrings,,,,,,,,EAR0016-10KR-LAB,,,10K Rose Gold,,,Lab Grown,,,,,5990,,,TRUE,,,,,,,,deny,,,TRUE,manual,,,,,,,,,,,,,,,,,,,,,,,,,,,
,heart-diamond-huggie-earrings,,,,,,,,EAR0016-10KR-NAT,,,10K Rose Gold,,,Natural,,,,,4290,,,TRUE,,,,,,,,deny,,,TRUE,manual,,,,,,,,,,,,,,,,,,,,,,,,,,,
,heart-diamond-huggie-earrings,,,,,,,,EAR0016-10KW-LAB,,,10K White Gold,,,Lab Grown,,,,,7090,,,TRUE,,,,,,,,deny,,,TRUE,manual,,,,,,,,,,,,,,,,,,,,,,,,,,,
,heart-diamond-huggie-earrings,,,,,,,,EAR0016-10KW-NAT,,,10K White Gold,,,Natural,,,,,13790,,,TRUE,,,,,,,,deny,,,TRUE,manual,,,,,,,,,,,,,,,,,,,,,,,,,,,
,heart-diamond-huggie-earrings,,,,,,,,EAR0016-14KY-LAB,,,14K Yellow Gold,,,Lab Grown,,,,,2490,,,TRUE,,,,,,,,deny,,,TRUE,manual,,,,,,,,,,,,,,,,,,,,,,,,,,,
,heart-diamond-huggie-earrings,,,,,,,,EAR0016-14KY-NAT,,,14K Yellow Gold,,,Natural,,,,,3690,,,TRUE,,,,,,,,deny,,,TRUE,manual,,,,,,,,,,,,,,,,,,,,,,,,,,,
,heart-diamond-huggie-earrings,,,,,,,,EAR0016-14KR-LAB,,,14K Rose Gold,,,Lab Grown,,,,,5990,,,TRUE,,,,,,,,deny,,,TRUE,manual,,,,,,,,,,,,,,,,,,,,,,,,,,,
,heart-diamond-huggie-earrings,,,,,,,,EAR0016-14KR-NAT,,,14K Rose Gold,,,Natural,,,,,4290,,,TRUE,,,,,,,,deny,,,TRUE,manual,,,,,,,,,,,,,,,,,,,,,,,,,,,
,heart-diamond-huggie-earrings,,,,,,,,EAR0016-14KW-LAB,,,14K White Gold,,,Lab Grown,,,,,7090,,,TRUE,,,,,,,,deny,,,TRUE,manual,,,,,,,,,,,,,,,,,,,,,,,,,,,
,heart-diamond-huggie-earrings,,,,,,,,EAR0016-14KW-NAT,,,14K White Gold,,,Natural,,,,,13790,,,TRUE,,,,,,,,deny,,,TRUE,manual,,,,,,,,,,,,,,,,,,,,,,,,,,,
,heart-diamond-huggie-earrings,,,,,,,,EAR0016-18KY-LAB,,,18K Yellow Gold,,,Lab Grown,,,,,2790,,,TRUE,,,,,,,,deny,,,TRUE,manual,,,,,,,,,,,,,,,,,,,,,,,,,,,
,heart-diamond-huggie-earrings,,,,,,,,EAR0016-18KY-NAT,,,18K Yellow Gold,,,Natural,,,,,3990,,,TRUE,,,,,,,,deny,,,TRUE,manual,,,,,,,,,,,,,,,,,,,,,,,,,,,
,heart-diamond-huggie-earrings,,,,,,,,EAR0016-18KR-LAB,,,18K Rose Gold,,,Lab Grown,,,,,6290,,,TRUE,,,,,,,,deny,,,TRUE,manual,,,,,,,,,,,,,,,,,,,,,,,,,,,
,heart-diamond-huggie-earrings,,,,,,,,EAR0016-18KR-NAT,,,18K Rose Gold,,,Natural,,,,,4590,,,TRUE,,,,,,,,deny,,,TRUE,manual,,,,,,,,,,,,,,,,,,,,,,,,,,,
,heart-diamond-huggie-earrings,,,,,,,,EAR0016-18KW-LAB,,,18K White Gold,,,Lab Grown,,,,,7390,,,TRUE,,,,,,,,deny,,,TRUE,manual,,,,,,,,,,,,,,,,,,,,,,,,,,,
,heart-diamond-huggie-earrings,,,,,,,,EAR0016-18KW-NAT,,,18K White Gold,,,Natural,,,,,14090,,,TRUE,,,,,,,,deny,,,TRUE,manual,,,,,,,,,,,,,,,,,,,,,,,,,,,
,heart-diamond-huggie-earrings,,,,,,,,EAR0016-PT-LAB,,,Platinum,,,Lab Grown,,,,,3090,,,TRUE,,,,,,,,deny,,,TRUE,manual,,,,,,,,,,,,,,,,,,,,,,,,,,,
,heart-diamond-huggie-earrings,,,,,,,,EAR0016-PT-NAT,,,Platinum,,,Natural,,,,,4290,,,TRUE,,,,,,,,deny,,,TRUE,manual,,,,,,,,,,,,,,,,,,,,,,,,,,,
Emerald Cascade Diamond Drop Earrings,emerald-cascade-diamond-drop-earrings,"The Emerald Cascade Diamond Drop Earrings feature an elegant composition of pear, round, oval, and emerald-cut diamonds totalling 2.87 carats, creating a graceful cascade of brilliance. Expertly crafted in luxurious gold or platinum, these sophisticated drop earrings are designed to make a timeless statement for life's most memorable occasions.<!-- split --><p>The Emerald Cascade Diamond Drop Earrings showcase a striking vertical arrangement of 10 natural diamonds with a combined total diamond weight of 2.87 carats. Each earring features a harmonious sequence of a pear-cut diamond, brilliant round accents, an oval-cut centre stone, and a breathtaking emerald-cut diamond drop, creating exceptional sparkle and graceful movement.</p><p>Crafted in your choice of premium gold or platinum, the refined open-gallery setting allows maximum light to enter each stone, enhancing its natural brilliance. Elegant yet contemporary, these statement earrings are designed to elevate evening attire, bridal ensembles, and milestone celebrations while remaining timeless additions to any fine jewellery collection.</p>",Arlena,Apparel & Accessories > Jewelry > Earrings,Earrings,"Earrings, Diamond Drop Earrings, Emerald Cut Diamond Earrings, Multi Shape Diamond Earrings, Pear Diamond Earrings, Oval Diamond Earrings, Statement Earrings, Bridal Jewellery, Fine Jewellery, Luxury Jewellery, Arlena",TRUE,active,EAR0017-10KY-LAB,,Metal,10K Yellow Gold,,Diamond,Lab Grown,,,,,2490,,,TRUE,,,,,,,,deny,,,TRUE,manual,,,,,FALSE,Emerald Cascade Diamond Drop Earrings | 2.87 CTW | Arlena,"Discover Arlena's Emerald Cascade Diamond Drop Earrings featuring 2.87 carats of pear, round, oval and emerald-cut natural diamonds. A timeless statement crafted in premium gold or platinum.",,,,,,,,New,FALSE,,,,,,"Emerald, Oval, Pear & Round Brilliant",,,Approx. 2.87 ct,Four-Prong Articulated Drop Setting,Australia
,emerald-cascade-diamond-drop-earrings,,,,,,,,EAR0017-10KY-NAT,,,10K Yellow Gold,,,Natural,,,,,3690,,,TRUE,,,,,,,,deny,,,TRUE,manual,,,,,,,,,,,,,,,,,,,,,,,,,,,
,emerald-cascade-diamond-drop-earrings,,,,,,,,EAR0017-10KR-LAB,,,10K Rose Gold,,,Lab Grown,,,,,5990,,,TRUE,,,,,,,,deny,,,TRUE,manual,,,,,,,,,,,,,,,,,,,,,,,,,,,
,emerald-cascade-diamond-drop-earrings,,,,,,,,EAR0017-10KR-NAT,,,10K Rose Gold,,,Natural,,,,,4290,,,TRUE,,,,,,,,deny,,,TRUE,manual,,,,,,,,,,,,,,,,,,,,,,,,,,,
,emerald-cascade-diamond-drop-earrings,,,,,,,,EAR0017-10KW-LAB,,,10K White Gold,,,Lab Grown,,,,,7090,,,TRUE,,,,,,,,deny,,,TRUE,manual,,,,,,,,,,,,,,,,,,,,,,,,,,,
,emerald-cascade-diamond-drop-earrings,,,,,,,,EAR0017-10KW-NAT,,,10K White Gold,,,Natural,,,,,13790,,,TRUE,,,,,,,,deny,,,TRUE,manual,,,,,,,,,,,,,,,,,,,,,,,,,,,
,emerald-cascade-diamond-drop-earrings,,,,,,,,EAR0017-14KY-LAB,,,14K Yellow Gold,,,Lab Grown,,,,,2490,,,TRUE,,,,,,,,deny,,,TRUE,manual,,,,,,,,,,,,,,,,,,,,,,,,,,,
,emerald-cascade-diamond-drop-earrings,,,,,,,,EAR0017-14KY-NAT,,,14K Yellow Gold,,,Natural,,,,,3690,,,TRUE,,,,,,,,deny,,,TRUE,manual,,,,,,,,,,,,,,,,,,,,,,,,,,,
,emerald-cascade-diamond-drop-earrings,,,,,,,,EAR0017-14KR-LAB,,,14K Rose Gold,,,Lab Grown,,,,,5990,,,TRUE,,,,,,,,deny,,,TRUE,manual,,,,,,,,,,,,,,,,,,,,,,,,,,,
,emerald-cascade-diamond-drop-earrings,,,,,,,,EAR0017-14KR-NAT,,,14K Rose Gold,,,Natural,,,,,4290,,,TRUE,,,,,,,,deny,,,TRUE,manual,,,,,,,,,,,,,,,,,,,,,,,,,,,
,emerald-cascade-diamond-drop-earrings,,,,,,,,EAR0017-14KW-LAB,,,14K White Gold,,,Lab Grown,,,,,7090,,,TRUE,,,,,,,,deny,,,TRUE,manual,,,,,,,,,,,,,,,,,,,,,,,,,,,
,emerald-cascade-diamond-drop-earrings,,,,,,,,EAR0017-14KW-NAT,,,14K White Gold,,,Natural,,,,,13790,,,TRUE,,,,,,,,deny,,,TRUE,manual,,,,,,,,,,,,,,,,,,,,,,,,,,,
,emerald-cascade-diamond-drop-earrings,,,,,,,,EAR0017-18KY-LAB,,,18K Yellow Gold,,,Lab Grown,,,,,2790,,,TRUE,,,,,,,,deny,,,TRUE,manual,,,,,,,,,,,,,,,,,,,,,,,,,,,
,emerald-cascade-diamond-drop-earrings,,,,,,,,EAR0017-18KY-NAT,,,18K Yellow Gold,,,Natural,,,,,3990,,,TRUE,,,,,,,,deny,,,TRUE,manual,,,,,,,,,,,,,,,,,,,,,,,,,,,
,emerald-cascade-diamond-drop-earrings,,,,,,,,EAR0017-18KR-LAB,,,18K Rose Gold,,,Lab Grown,,,,,6290,,,TRUE,,,,,,,,deny,,,TRUE,manual,,,,,,,,,,,,,,,,,,,,,,,,,,,
,emerald-cascade-diamond-drop-earrings,,,,,,,,EAR0017-18KR-NAT,,,18K Rose Gold,,,Natural,,,,,4590,,,TRUE,,,,,,,,deny,,,TRUE,manual,,,,,,,,,,,,,,,,,,,,,,,,,,,
,emerald-cascade-diamond-drop-earrings,,,,,,,,EAR0017-18KW-LAB,,,18K White Gold,,,Lab Grown,,,,,7390,,,TRUE,,,,,,,,deny,,,TRUE,manual,,,,,,,,,,,,,,,,,,,,,,,,,,,
,emerald-cascade-diamond-drop-earrings,,,,,,,,EAR0017-18KW-NAT,,,18K White Gold,,,Natural,,,,,14090,,,TRUE,,,,,,,,deny,,,TRUE,manual,,,,,,,,,,,,,,,,,,,,,,,,,,,
,emerald-cascade-diamond-drop-earrings,,,,,,,,EAR0017-PT-LAB,,,Platinum,,,Lab Grown,,,,,3090,,,TRUE,,,,,,,,deny,,,TRUE,manual,,,,,,,,,,,,,,,,,,,,,,,,,,,
,emerald-cascade-diamond-drop-earrings,,,,,,,,EAR0017-PT-NAT,,,Platinum,,,Natural,,,,,4290,,,TRUE,,,,,,,,deny,,,TRUE,manual,,,,,,,,,,,,,,,,,,,,,,,,,,,
Classic Round Diamond Stud Earrings,classic-round-diamond-stud-earrings,"The Classic Round Diamond Stud Earrings showcase a pair of perfectly matched approx. 8.00 mm round brilliant diamonds totalling approx. 4.00 carats, elegantly secured in a timeless four-prong basket setting. Expertly crafted in premium gold or platinum, these iconic solitaire studs offer exceptional brilliance for everyday luxury and life's most memorable occasions.<!-- split --><p>The Classic Round Diamond Stud Earrings celebrate the enduring beauty of the classic solitaire. Featuring two perfectly matched round brilliant diamonds with a combined total diamond weight of approx. 4.00 carats, each approx. 8.00 mm diamond is expertly secured in a refined four-prong basket setting designed to maximise light performance and brilliance from every angle.</p><p>Crafted in your choice of premium gold or platinum, the open gallery allows light to enter beneath each stone, enhancing its fire and sparkle while maintaining a timeless silhouette. Finished with secure post and butterfly backs, these elegant diamond studs transition effortlessly from everyday sophistication to formal occasions, making them an essential investment piece for every fine jewellery collection.</p>",Arlena,Apparel & Accessories > Jewelry > Earrings,Earrings,"Earrings, Diamond Stud Earrings, Round Diamond Studs, Solitaire Diamond Earrings, 4 Carat Diamond Studs, Four Prong Earrings, Luxury Jewellery, Fine Jewellery, Everyday Luxury, Bridal Jewellery, Arlena",TRUE,active,EAR0018-10KY-LAB,,Metal,10K Yellow Gold,,Diamond,Lab Grown,,,,,2490,,,TRUE,,,,,,,,deny,,,TRUE,manual,,,,,FALSE,Classic Round Diamond Stud Earrings | 4.00 CTW | Arlena,Shop Arlena's Classic Round Diamond Stud Earrings featuring 4.00 CTW of natural round brilliant diamonds in a timeless four-prong basket setting. Crafted in premium gold or platinum.,,,,,,,,New,FALSE,,,,,,Round Brilliant,,,Approx. 4.00 ct,Four-Prong Basket Setting,Australia
,classic-round-diamond-stud-earrings,,,,,,,,EAR0018-10KY-NAT,,,10K Yellow Gold,,,Natural,,,,,3690,,,TRUE,,,,,,,,deny,,,TRUE,manual,,,,,,,,,,,,,,,,,,,,,,,,,,,
,classic-round-diamond-stud-earrings,,,,,,,,EAR0018-10KR-LAB,,,10K Rose Gold,,,Lab Grown,,,,,5990,,,TRUE,,,,,,,,deny,,,TRUE,manual,,,,,,,,,,,,,,,,,,,,,,,,,,,
,classic-round-diamond-stud-earrings,,,,,,,,EAR0018-10KR-NAT,,,10K Rose Gold,,,Natural,,,,,4290,,,TRUE,,,,,,,,deny,,,TRUE,manual,,,,,,,,,,,,,,,,,,,,,,,,,,,
,classic-round-diamond-stud-earrings,,,,,,,,EAR0018-10KW-LAB,,,10K White Gold,,,Lab Grown,,,,,7090,,,TRUE,,,,,,,,deny,,,TRUE,manual,,,,,,,,,,,,,,,,,,,,,,,,,,,
,classic-round-diamond-stud-earrings,,,,,,,,EAR0018-10KW-NAT,,,10K White Gold,,,Natural,,,,,13790,,,TRUE,,,,,,,,deny,,,TRUE,manual,,,,,,,,,,,,,,,,,,,,,,,,,,,
,classic-round-diamond-stud-earrings,,,,,,,,EAR0018-14KY-LAB,,,14K Yellow Gold,,,Lab Grown,,,,,2490,,,TRUE,,,,,,,,deny,,,TRUE,manual,,,,,,,,,,,,,,,,,,,,,,,,,,,
,classic-round-diamond-stud-earrings,,,,,,,,EAR0018-14KY-NAT,,,14K Yellow Gold,,,Natural,,,,,3690,,,TRUE,,,,,,,,deny,,,TRUE,manual,,,,,,,,,,,,,,,,,,,,,,,,,,,
,classic-round-diamond-stud-earrings,,,,,,,,EAR0018-14KR-LAB,,,14K Rose Gold,,,Lab Grown,,,,,5990,,,TRUE,,,,,,,,deny,,,TRUE,manual,,,,,,,,,,,,,,,,,,,,,,,,,,,
,classic-round-diamond-stud-earrings,,,,,,,,EAR0018-14KR-NAT,,,14K Rose Gold,,,Natural,,,,,4290,,,TRUE,,,,,,,,deny,,,TRUE,manual,,,,,,,,,,,,,,,,,,,,,,,,,,,
,classic-round-diamond-stud-earrings,,,,,,,,EAR0018-14KW-LAB,,,14K White Gold,,,Lab Grown,,,,,7090,,,TRUE,,,,,,,,deny,,,TRUE,manual,,,,,,,,,,,,,,,,,,,,,,,,,,,
,classic-round-diamond-stud-earrings,,,,,,,,EAR0018-14KW-NAT,,,14K White Gold,,,Natural,,,,,13790,,,TRUE,,,,,,,,deny,,,TRUE,manual,,,,,,,,,,,,,,,,,,,,,,,,,,,
,classic-round-diamond-stud-earrings,,,,,,,,EAR0018-18KY-LAB,,,18K Yellow Gold,,,Lab Grown,,,,,2790,,,TRUE,,,,,,,,deny,,,TRUE,manual,,,,,,,,,,,,,,,,,,,,,,,,,,,
,classic-round-diamond-stud-earrings,,,,,,,,EAR0018-18KY-NAT,,,18K Yellow Gold,,,Natural,,,,,3990,,,TRUE,,,,,,,,deny,,,TRUE,manual,,,,,,,,,,,,,,,,,,,,,,,,,,,
,classic-round-diamond-stud-earrings,,,,,,,,EAR0018-18KR-LAB,,,18K Rose Gold,,,Lab Grown,,,,,6290,,,TRUE,,,,,,,,deny,,,TRUE,manual,,,,,,,,,,,,,,,,,,,,,,,,,,,
,classic-round-diamond-stud-earrings,,,,,,,,EAR0018-18KR-NAT,,,18K Rose Gold,,,Natural,,,,,4590,,,TRUE,,,,,,,,deny,,,TRUE,manual,,,,,,,,,,,,,,,,,,,,,,,,,,,
,classic-round-diamond-stud-earrings,,,,,,,,EAR0018-18KW-LAB,,,18K White Gold,,,Lab Grown,,,,,7390,,,TRUE,,,,,,,,deny,,,TRUE,manual,,,,,,,,,,,,,,,,,,,,,,,,,,,
,classic-round-diamond-stud-earrings,,,,,,,,EAR0018-18KW-NAT,,,18K White Gold,,,Natural,,,,,14090,,,TRUE,,,,,,,,deny,,,TRUE,manual,,,,,,,,,,,,,,,,,,,,,,,,,,,
,classic-round-diamond-stud-earrings,,,,,,,,EAR0018-PT-LAB,,,Platinum,,,Lab Grown,,,,,3090,,,TRUE,,,,,,,,deny,,,TRUE,manual,,,,,,,,,,,,,,,,,,,,,,,,,,,
,classic-round-diamond-stud-earrings,,,,,,,,EAR0018-PT-NAT,,,Platinum,,,Natural,,,,,4290,,,TRUE,,,,,,,,deny,,,TRUE,manual,,,,,,,,,,,,,,,,,,,,,,,,,,,
Pear Diamond Solitaire Stud Earrings,pear-diamond-solitaire-stud-earrings,"The Pear Diamond Solitaire Stud Earrings showcase the timeless beauty of perfectly matched pear-shaped diamonds. Featuring 2 pear-cut diamonds with an approx. total diamond weight of 3.50 carats, these elegant solitaire studs are secured in refined three-prong basket settings that maximise brilliance and create an effortlessly sophisticated look for everyday luxury and special occasions.<!-- split --><p>The Pear Diamond Solitaire Stud Earrings celebrate the graceful elegance of the classic pear-cut diamond. Featuring 2 beautifully matched pear-cut diamonds with an approx. total diamond weight of 3.50 carats, each stone is expertly secured in a refined three-prong basket setting that allows maximum light to enter from every angle, enhancing brilliance and fire.</p><p>Crafted in your choice of premium gold or platinum, the elegant teardrop silhouette offers timeless sophistication while the open basket design provides a lightweight feel and exceptional sparkle. Finished with secure post and butterfly backs for comfortable all-day wear, these solitaire earrings are an enduring jewellery essential that transitions effortlessly from everyday elegance to life's most memorable occasions.</p>",Arlena,Apparel & Accessories > Jewelry > Earrings,Earrings,"Earrings, Stud Earrings, Diamond Stud Earrings, Pear Diamond Earrings, Pear Solitaire Earrings, Solitaire Diamond Earrings, Luxury Jewellery, Fine Jewellery, Bridal Jewellery, Everyday Luxury, Arlena",TRUE,active,EAR0019-10KY-LAB,,Metal,10K Yellow Gold,,Diamond,Lab Grown,,,,,2490,,,TRUE,,,,,,,,deny,,,TRUE,manual,,,,,FALSE,Pear Diamond Solitaire Stud Earrings | Arlena,Discover Arlena's Pear Diamond Solitaire Stud Earrings featuring 2 pear-cut diamonds with an approx. total diamond weight of 3.50 carats in a timeless three-prong solitaire setting.,,,,,,,,New,FALSE,,,,,,Pear,,,Approx. 3.50 ct,Three Claw Basket Setting,Australia
,pear-diamond-solitaire-stud-earrings,,,,,,,,EAR0019-10KY-NAT,,,10K Yellow Gold,,,Natural,,,,,3690,,,TRUE,,,,,,,,deny,,,TRUE,manual,,,,,,,,,,,,,,,,,,,,,,,,,,,
,pear-diamond-solitaire-stud-earrings,,,,,,,,EAR0019-10KR-LAB,,,10K Rose Gold,,,Lab Grown,,,,,5990,,,TRUE,,,,,,,,deny,,,TRUE,manual,,,,,,,,,,,,,,,,,,,,,,,,,,,
,pear-diamond-solitaire-stud-earrings,,,,,,,,EAR0019-10KR-NAT,,,10K Rose Gold,,,Natural,,,,,4290,,,TRUE,,,,,,,,deny,,,TRUE,manual,,,,,,,,,,,,,,,,,,,,,,,,,,,
,pear-diamond-solitaire-stud-earrings,,,,,,,,EAR0019-10KW-LAB,,,10K White Gold,,,Lab Grown,,,,,7090,,,TRUE,,,,,,,,deny,,,TRUE,manual,,,,,,,,,,,,,,,,,,,,,,,,,,,
,pear-diamond-solitaire-stud-earrings,,,,,,,,EAR0019-10KW-NAT,,,10K White Gold,,,Natural,,,,,13790,,,TRUE,,,,,,,,deny,,,TRUE,manual,,,,,,,,,,,,,,,,,,,,,,,,,,,
,pear-diamond-solitaire-stud-earrings,,,,,,,,EAR0019-14KY-LAB,,,14K Yellow Gold,,,Lab Grown,,,,,2490,,,TRUE,,,,,,,,deny,,,TRUE,manual,,,,,,,,,,,,,,,,,,,,,,,,,,,
,pear-diamond-solitaire-stud-earrings,,,,,,,,EAR0019-14KY-NAT,,,14K Yellow Gold,,,Natural,,,,,3690,,,TRUE,,,,,,,,deny,,,TRUE,manual,,,,,,,,,,,,,,,,,,,,,,,,,,,
,pear-diamond-solitaire-stud-earrings,,,,,,,,EAR0019-14KR-LAB,,,14K Rose Gold,,,Lab Grown,,,,,5990,,,TRUE,,,,,,,,deny,,,TRUE,manual,,,,,,,,,,,,,,,,,,,,,,,,,,,
,pear-diamond-solitaire-stud-earrings,,,,,,,,EAR0019-14KR-NAT,,,14K Rose Gold,,,Natural,,,,,4290,,,TRUE,,,,,,,,deny,,,TRUE,manual,,,,,,,,,,,,,,,,,,,,,,,,,,,
,pear-diamond-solitaire-stud-earrings,,,,,,,,EAR0019-14KW-LAB,,,14K White Gold,,,Lab Grown,,,,,7090,,,TRUE,,,,,,,,deny,,,TRUE,manual,,,,,,,,,,,,,,,,,,,,,,,,,,,
,pear-diamond-solitaire-stud-earrings,,,,,,,,EAR0019-14KW-NAT,,,14K White Gold,,,Natural,,,,,13790,,,TRUE,,,,,,,,deny,,,TRUE,manual,,,,,,,,,,,,,,,,,,,,,,,,,,,
,pear-diamond-solitaire-stud-earrings,,,,,,,,EAR0019-18KY-LAB,,,18K Yellow Gold,,,Lab Grown,,,,,2790,,,TRUE,,,,,,,,deny,,,TRUE,manual,,,,,,,,,,,,,,,,,,,,,,,,,,,
,pear-diamond-solitaire-stud-earrings,,,,,,,,EAR0019-18KY-NAT,,,18K Yellow Gold,,,Natural,,,,,3990,,,TRUE,,,,,,,,deny,,,TRUE,manual,,,,,,,,,,,,,,,,,,,,,,,,,,,
,pear-diamond-solitaire-stud-earrings,,,,,,,,EAR0019-18KR-LAB,,,18K Rose Gold,,,Lab Grown,,,,,6290,,,TRUE,,,,,,,,deny,,,TRUE,manual,,,,,,,,,,,,,,,,,,,,,,,,,,,
,pear-diamond-solitaire-stud-earrings,,,,,,,,EAR0019-18KR-NAT,,,18K Rose Gold,,,Natural,,,,,4590,,,TRUE,,,,,,,,deny,,,TRUE,manual,,,,,,,,,,,,,,,,,,,,,,,,,,,
,pear-diamond-solitaire-stud-earrings,,,,,,,,EAR0019-18KW-LAB,,,18K White Gold,,,Lab Grown,,,,,7390,,,TRUE,,,,,,,,deny,,,TRUE,manual,,,,,,,,,,,,,,,,,,,,,,,,,,,
,pear-diamond-solitaire-stud-earrings,,,,,,,,EAR0019-18KW-NAT,,,18K White Gold,,,Natural,,,,,14090,,,TRUE,,,,,,,,deny,,,TRUE,manual,,,,,,,,,,,,,,,,,,,,,,,,,,,
,pear-diamond-solitaire-stud-earrings,,,,,,,,EAR0019-PT-LAB,,,Platinum,,,Lab Grown,,,,,3090,,,TRUE,,,,,,,,deny,,,TRUE,manual,,,,,,,,,,,,,,,,,,,,,,,,,,,
,pear-diamond-solitaire-stud-earrings,,,,,,,,EAR0019-PT-NAT,,,Platinum,,,Natural,,,,,4290,,,TRUE,,,,,,,,deny,,,TRUE,manual,,,,,,,,,,,,,,,,,,,,,,,,,,,
Trillion Diamond Solitaire Stud Earrings,trillion-diamond-solitaire-stud-earrings,"The Trillion Diamond Solitaire Stud Earrings showcase the bold beauty of perfectly matched trillion-cut diamonds. Featuring 2 trillion-cut diamonds with an approx. total diamond weight of 1.30 carats, these contemporary solitaire studs are secured in elegant three-prong settings that maximise brilliance while highlighting the distinctive triangular silhouette.<!-- split --><p>The Trillion Diamond Solitaire Stud Earrings celebrate clean geometry and contemporary elegance through the striking beauty of trillion-cut diamonds. Featuring 2 perfectly matched trillion-cut diamonds with an approx. total diamond weight of 1.30 carats, each stone is expertly secured in a refined three-prong setting that allows maximum light to enter from every angle, enhancing brilliance and fire.</p><p>Crafted in your choice of premium gold or platinum, the bold triangular silhouette offers a fresh, modern interpretation of the classic solitaire stud while remaining timeless in its simplicity. Finished with secure post and butterfly backs for comfortable everyday wear, these earrings transition effortlessly from casual sophistication to elevated evening styling.</p>",Arlena,Apparel & Accessories > Jewelry > Earrings,Earrings,"Earrings, Stud Earrings, Diamond Stud Earrings, Trillion Diamond Earrings, Trillion Solitaire Earrings, Geometric Earrings, Contemporary Jewellery, Luxury Jewellery, Fine Jewellery, Everyday Luxury, Arlena",TRUE,active,EAR0020-10KY-LAB,,Metal,10K Yellow Gold,,Diamond,Lab Grown,,,,,2490,,,TRUE,,,,,,,,deny,,,TRUE,manual,,,,,FALSE,Trillion Diamond Solitaire Stud Earrings | Arlena,Discover Arlena's Trillion Diamond Solitaire Stud Earrings featuring 2 trillion-cut diamonds with an approx. total diamond weight of 1.30 carats in a refined three-prong solitaire setting.,,,,,,,,New,FALSE,,,,,,Trillion,,,Approx. 1.30 ct,Three Claw Basket Setting,Australia
,trillion-diamond-solitaire-stud-earrings,,,,,,,,EAR0020-10KY-NAT,,,10K Yellow Gold,,,Natural,,,,,3690,,,TRUE,,,,,,,,deny,,,TRUE,manual,,,,,,,,,,,,,,,,,,,,,,,,,,,
,trillion-diamond-solitaire-stud-earrings,,,,,,,,EAR0020-10KR-LAB,,,10K Rose Gold,,,Lab Grown,,,,,5990,,,TRUE,,,,,,,,deny,,,TRUE,manual,,,,,,,,,,,,,,,,,,,,,,,,,,,
,trillion-diamond-solitaire-stud-earrings,,,,,,,,EAR0020-10KR-NAT,,,10K Rose Gold,,,Natural,,,,,4290,,,TRUE,,,,,,,,deny,,,TRUE,manual,,,,,,,,,,,,,,,,,,,,,,,,,,,
,trillion-diamond-solitaire-stud-earrings,,,,,,,,EAR0020-10KW-LAB,,,10K White Gold,,,Lab Grown,,,,,7090,,,TRUE,,,,,,,,deny,,,TRUE,manual,,,,,,,,,,,,,,,,,,,,,,,,,,,
,trillion-diamond-solitaire-stud-earrings,,,,,,,,EAR0020-10KW-NAT,,,10K White Gold,,,Natural,,,,,13790,,,TRUE,,,,,,,,deny,,,TRUE,manual,,,,,,,,,,,,,,,,,,,,,,,,,,,
,trillion-diamond-solitaire-stud-earrings,,,,,,,,EAR0020-14KY-LAB,,,14K Yellow Gold,,,Lab Grown,,,,,2490,,,TRUE,,,,,,,,deny,,,TRUE,manual,,,,,,,,,,,,,,,,,,,,,,,,,,,
,trillion-diamond-solitaire-stud-earrings,,,,,,,,EAR0020-14KY-NAT,,,14K Yellow Gold,,,Natural,,,,,3690,,,TRUE,,,,,,,,deny,,,TRUE,manual,,,,,,,,,,,,,,,,,,,,,,,,,,,
,trillion-diamond-solitaire-stud-earrings,,,,,,,,EAR0020-14KR-LAB,,,14K Rose Gold,,,Lab Grown,,,,,5990,,,TRUE,,,,,,,,deny,,,TRUE,manual,,,,,,,,,,,,,,,,,,,,,,,,,,,
,trillion-diamond-solitaire-stud-earrings,,,,,,,,EAR0020-14KR-NAT,,,14K Rose Gold,,,Natural,,,,,4290,,,TRUE,,,,,,,,deny,,,TRUE,manual,,,,,,,,,,,,,,,,,,,,,,,,,,,
,trillion-diamond-solitaire-stud-earrings,,,,,,,,EAR0020-14KW-LAB,,,14K White Gold,,,Lab Grown,,,,,7090,,,TRUE,,,,,,,,deny,,,TRUE,manual,,,,,,,,,,,,,,,,,,,,,,,,,,,
,trillion-diamond-solitaire-stud-earrings,,,,,,,,EAR0020-14KW-NAT,,,14K White Gold,,,Natural,,,,,13790,,,TRUE,,,,,,,,deny,,,TRUE,manual,,,,,,,,,,,,,,,,,,,,,,,,,,,
,trillion-diamond-solitaire-stud-earrings,,,,,,,,EAR0020-18KY-LAB,,,18K Yellow Gold,,,Lab Grown,,,,,2790,,,TRUE,,,,,,,,deny,,,TRUE,manual,,,,,,,,,,,,,,,,,,,,,,,,,,,
,trillion-diamond-solitaire-stud-earrings,,,,,,,,EAR0020-18KY-NAT,,,18K Yellow Gold,,,Natural,,,,,3990,,,TRUE,,,,,,,,deny,,,TRUE,manual,,,,,,,,,,,,,,,,,,,,,,,,,,,
,trillion-diamond-solitaire-stud-earrings,,,,,,,,EAR0020-18KR-LAB,,,18K Rose Gold,,,Lab Grown,,,,,6290,,,TRUE,,,,,,,,deny,,,TRUE,manual,,,,,,,,,,,,,,,,,,,,,,,,,,,
,trillion-diamond-solitaire-stud-earrings,,,,,,,,EAR0020-18KR-NAT,,,18K Rose Gold,,,Natural,,,,,4590,,,TRUE,,,,,,,,deny,,,TRUE,manual,,,,,,,,,,,,,,,,,,,,,,,,,,,
,trillion-diamond-solitaire-stud-earrings,,,,,,,,EAR0020-18KW-LAB,,,18K White Gold,,,Lab Grown,,,,,7390,,,TRUE,,,,,,,,deny,,,TRUE,manual,,,,,,,,,,,,,,,,,,,,,,,,,,,
,trillion-diamond-solitaire-stud-earrings,,,,,,,,EAR0020-18KW-NAT,,,18K White Gold,,,Natural,,,,,14090,,,TRUE,,,,,,,,deny,,,TRUE,manual,,,,,,,,,,,,,,,,,,,,,,,,,,,
,trillion-diamond-solitaire-stud-earrings,,,,,,,,EAR0020-PT-LAB,,,Platinum,,,Lab Grown,,,,,3090,,,TRUE,,,,,,,,deny,,,TRUE,manual,,,,,,,,,,,,,,,,,,,,,,,,,,,
,trillion-diamond-solitaire-stud-earrings,,,,,,,,EAR0020-PT-NAT,,,Platinum,,,Natural,,,,,4290,,,TRUE,,,,,,,,deny,,,TRUE,manual,,,,,,,,,,,,,,,,,,,,,,,,,,,
Emerald Cut Diamond Solitaire Stud Earrings,emerald-cut-diamond-solitaire-stud-earrings,"The Emerald Cut Diamond Solitaire Stud Earrings showcase the timeless elegance of perfectly matched emerald-cut diamonds. Featuring 2 emerald-cut diamonds with an approx. total diamond weight of 2.50 carats, these sophisticated solitaire studs are secured in elegant four-prong settings that highlight the clean step-cut facets and exceptional clarity of each stone.<!-- split --><p>The Emerald Cut Diamond Solitaire Stud Earrings embody refined sophistication through the understated beauty of emerald-cut diamonds. Featuring 2 perfectly matched emerald-cut diamonds with an approx. total diamond weight of 2.50 carats, each stone is expertly secured in a classic four-prong setting that showcases the signature step-cut facets and mesmerising hall-of-mirrors effect.</p><p>Crafted in your choice of premium gold or platinum, the open gallery design allows light to pass through the diamonds for enhanced brilliance while maintaining a clean, minimalist aesthetic. Finished with secure post and butterfly backs for comfortable all-day wear, these timeless solitaire studs transition effortlessly from everyday elegance to life's most memorable occasions.</p>",Arlena,Apparel & Accessories > Jewelry > Earrings,Earrings,"Earrings, Stud Earrings, Diamond Stud Earrings, Emerald Cut Earrings, Emerald Cut Solitaire Earrings, Solitaire Studs, Luxury Jewellery, Fine Jewellery, Minimalist Jewellery, Everyday Luxury, Arlena",TRUE,active,EAR0021-10KY-LAB,,Metal,10K Yellow Gold,,Diamond,Lab Grown,,,,,2490,,,TRUE,,,,,,,,deny,,,TRUE,manual,,,,,FALSE,Emerald Cut Diamond Solitaire Stud Earrings | Arlena,Discover Arlena's Emerald Cut Diamond Solitaire Stud Earrings featuring 2 emerald-cut diamonds with an approx. total diamond weight of 2.50 carats in an elegant four-prong solitaire setting.,,,,,,,,New,FALSE,,,,,,Emerald Cut,,,Approx. 2.50 ct,Four Claw Basket Setting,Australia
,emerald-cut-diamond-solitaire-stud-earrings,,,,,,,,EAR0021-10KY-NAT,,,10K Yellow Gold,,,Natural,,,,,3690,,,TRUE,,,,,,,,deny,,,TRUE,manual,,,,,,,,,,,,,,,,,,,,,,,,,,,
,emerald-cut-diamond-solitaire-stud-earrings,,,,,,,,EAR0021-10KR-LAB,,,10K Rose Gold,,,Lab Grown,,,,,5990,,,TRUE,,,,,,,,deny,,,TRUE,manual,,,,,,,,,,,,,,,,,,,,,,,,,,,
,emerald-cut-diamond-solitaire-stud-earrings,,,,,,,,EAR0021-10KR-NAT,,,10K Rose Gold,,,Natural,,,,,4290,,,TRUE,,,,,,,,deny,,,TRUE,manual,,,,,,,,,,,,,,,,,,,,,,,,,,,
,emerald-cut-diamond-solitaire-stud-earrings,,,,,,,,EAR0021-10KW-LAB,,,10K White Gold,,,Lab Grown,,,,,7090,,,TRUE,,,,,,,,deny,,,TRUE,manual,,,,,,,,,,,,,,,,,,,,,,,,,,,
,emerald-cut-diamond-solitaire-stud-earrings,,,,,,,,EAR0021-10KW-NAT,,,10K White Gold,,,Natural,,,,,13790,,,TRUE,,,,,,,,deny,,,TRUE,manual,,,,,,,,,,,,,,,,,,,,,,,,,,,
,emerald-cut-diamond-solitaire-stud-earrings,,,,,,,,EAR0021-14KY-LAB,,,14K Yellow Gold,,,Lab Grown,,,,,2490,,,TRUE,,,,,,,,deny,,,TRUE,manual,,,,,,,,,,,,,,,,,,,,,,,,,,,
,emerald-cut-diamond-solitaire-stud-earrings,,,,,,,,EAR0021-14KY-NAT,,,14K Yellow Gold,,,Natural,,,,,3690,,,TRUE,,,,,,,,deny,,,TRUE,manual,,,,,,,,,,,,,,,,,,,,,,,,,,,
,emerald-cut-diamond-solitaire-stud-earrings,,,,,,,,EAR0021-14KR-LAB,,,14K Rose Gold,,,Lab Grown,,,,,5990,,,TRUE,,,,,,,,deny,,,TRUE,manual,,,,,,,,,,,,,,,,,,,,,,,,,,,
,emerald-cut-diamond-solitaire-stud-earrings,,,,,,,,EAR0021-14KR-NAT,,,14K Rose Gold,,,Natural,,,,,4290,,,TRUE,,,,,,,,deny,,,TRUE,manual,,,,,,,,,,,,,,,,,,,,,,,,,,,
,emerald-cut-diamond-solitaire-stud-earrings,,,,,,,,EAR0021-14KW-LAB,,,14K White Gold,,,Lab Grown,,,,,7090,,,TRUE,,,,,,,,deny,,,TRUE,manual,,,,,,,,,,,,,,,,,,,,,,,,,,,
,emerald-cut-diamond-solitaire-stud-earrings,,,,,,,,EAR0021-14KW-NAT,,,14K White Gold,,,Natural,,,,,13790,,,TRUE,,,,,,,,deny,,,TRUE,manual,,,,,,,,,,,,,,,,,,,,,,,,,,,
,emerald-cut-diamond-solitaire-stud-earrings,,,,,,,,EAR0021-18KY-LAB,,,18K Yellow Gold,,,Lab Grown,,,,,2790,,,TRUE,,,,,,,,deny,,,TRUE,manual,,,,,,,,,,,,,,,,,,,,,,,,,,,
,emerald-cut-diamond-solitaire-stud-earrings,,,,,,,,EAR0021-18KY-NAT,,,18K Yellow Gold,,,Natural,,,,,3990,,,TRUE,,,,,,,,deny,,,TRUE,manual,,,,,,,,,,,,,,,,,,,,,,,,,,,
,emerald-cut-diamond-solitaire-stud-earrings,,,,,,,,EAR0021-18KR-LAB,,,18K Rose Gold,,,Lab Grown,,,,,6290,,,TRUE,,,,,,,,deny,,,TRUE,manual,,,,,,,,,,,,,,,,,,,,,,,,,,,
,emerald-cut-diamond-solitaire-stud-earrings,,,,,,,,EAR0021-18KR-NAT,,,18K Rose Gold,,,Natural,,,,,4590,,,TRUE,,,,,,,,deny,,,TRUE,manual,,,,,,,,,,,,,,,,,,,,,,,,,,,
,emerald-cut-diamond-solitaire-stud-earrings,,,,,,,,EAR0021-18KW-LAB,,,18K White Gold,,,Lab Grown,,,,,7390,,,TRUE,,,,,,,,deny,,,TRUE,manual,,,,,,,,,,,,,,,,,,,,,,,,,,,
,emerald-cut-diamond-solitaire-stud-earrings,,,,,,,,EAR0021-18KW-NAT,,,18K White Gold,,,Natural,,,,,14090,,,TRUE,,,,,,,,deny,,,TRUE,manual,,,,,,,,,,,,,,,,,,,,,,,,,,,
,emerald-cut-diamond-solitaire-stud-earrings,,,,,,,,EAR0021-PT-LAB,,,Platinum,,,Lab Grown,,,,,3090,,,TRUE,,,,,,,,deny,,,TRUE,manual,,,,,,,,,,,,,,,,,,,,,,,,,,,
,emerald-cut-diamond-solitaire-stud-earrings,,,,,,,,EAR0021-PT-NAT,,,Platinum,,,Natural,,,,,4290,,,TRUE,,,,,,,,deny,,,TRUE,manual,,,,,,,,,,,,,,,,,,,,,,,,,,,
Diamond Halo Stud Earrings,diamond-halo-stud-earrings,"The Diamond Halo Stud Earrings showcase a brilliant round centre diamond surrounded by a sparkling halo of pavé-set round diamonds for exceptional brilliance. Featuring 2 round brilliant centre diamonds and 44 round brilliant accent diamonds with an approx. total diamond weight of 2.53 carats, these timeless studs offer elegant sparkle for both everyday luxury and special occasions.<!-- split --><p>The Diamond Halo Stud Earrings elevate the classic solitaire through a refined halo design that amplifies brilliance and visual impact. Featuring 2 round brilliant centre diamonds encircled by 44 pavé-set round brilliant accent diamonds, with an approx. total diamond weight of 2.53 carats, each earring is expertly crafted to maximise light from every angle. The elegant halo enhances the appearance of the centre stone while maintaining a perfectly balanced silhouette.</p><p>Crafted in your choice of premium gold or platinum and finished with secure post and butterfly backs, these versatile earrings transition effortlessly from everyday sophistication to evening glamour, making them an enduring addition to any fine jewellery collection.</p>",Arlena,Apparel & Accessories > Jewelry > Earrings,Earrings,"Earrings, Stud Earrings, Halo Stud Earrings, Diamond Halo Earrings, Round Brilliant Diamonds, Diamond Stud Earrings, Luxury Jewellery, Fine Jewellery, Everyday Luxury, Classic Jewellery, Arlena",TRUE,active,EAR0022-10KY-LAB,,Metal,10K Yellow Gold,,Diamond,Lab Grown,,,,,2490,,,TRUE,,,,,,,,deny,,,TRUE,manual,,,,,FALSE,Diamond Halo Stud Earrings | Arlena,Discover Arlena's Diamond Halo Stud Earrings featuring 2 round brilliant centre diamonds and 44 pavé-set accent diamonds with an approx. total diamond weight of 2.53 carats.,,,,,,,,New,FALSE,,,,,,Round Brilliant,,,Approx. 2.53 ct,"Four Claw Centre, Pavé Halo",Australia
,diamond-halo-stud-earrings,,,,,,,,EAR0022-10KY-NAT,,,10K Yellow Gold,,,Natural,,,,,3690,,,TRUE,,,,,,,,deny,,,TRUE,manual,,,,,,,,,,,,,,,,,,,,,,,,,,,
,diamond-halo-stud-earrings,,,,,,,,EAR0022-10KR-LAB,,,10K Rose Gold,,,Lab Grown,,,,,5990,,,TRUE,,,,,,,,deny,,,TRUE,manual,,,,,,,,,,,,,,,,,,,,,,,,,,,
,diamond-halo-stud-earrings,,,,,,,,EAR0022-10KR-NAT,,,10K Rose Gold,,,Natural,,,,,4290,,,TRUE,,,,,,,,deny,,,TRUE,manual,,,,,,,,,,,,,,,,,,,,,,,,,,,
,diamond-halo-stud-earrings,,,,,,,,EAR0022-10KW-LAB,,,10K White Gold,,,Lab Grown,,,,,7090,,,TRUE,,,,,,,,deny,,,TRUE,manual,,,,,,,,,,,,,,,,,,,,,,,,,,,
,diamond-halo-stud-earrings,,,,,,,,EAR0022-10KW-NAT,,,10K White Gold,,,Natural,,,,,13790,,,TRUE,,,,,,,,deny,,,TRUE,manual,,,,,,,,,,,,,,,,,,,,,,,,,,,
,diamond-halo-stud-earrings,,,,,,,,EAR0022-14KY-LAB,,,14K Yellow Gold,,,Lab Grown,,,,,2490,,,TRUE,,,,,,,,deny,,,TRUE,manual,,,,,,,,,,,,,,,,,,,,,,,,,,,
,diamond-halo-stud-earrings,,,,,,,,EAR0022-14KY-NAT,,,14K Yellow Gold,,,Natural,,,,,3690,,,TRUE,,,,,,,,deny,,,TRUE,manual,,,,,,,,,,,,,,,,,,,,,,,,,,,
,diamond-halo-stud-earrings,,,,,,,,EAR0022-14KR-LAB,,,14K Rose Gold,,,Lab Grown,,,,,5990,,,TRUE,,,,,,,,deny,,,TRUE,manual,,,,,,,,,,,,,,,,,,,,,,,,,,,
,diamond-halo-stud-earrings,,,,,,,,EAR0022-14KR-NAT,,,14K Rose Gold,,,Natural,,,,,4290,,,TRUE,,,,,,,,deny,,,TRUE,manual,,,,,,,,,,,,,,,,,,,,,,,,,,,
,diamond-halo-stud-earrings,,,,,,,,EAR0022-14KW-LAB,,,14K White Gold,,,Lab Grown,,,,,7090,,,TRUE,,,,,,,,deny,,,TRUE,manual,,,,,,,,,,,,,,,,,,,,,,,,,,,
,diamond-halo-stud-earrings,,,,,,,,EAR0022-14KW-NAT,,,14K White Gold,,,Natural,,,,,13790,,,TRUE,,,,,,,,deny,,,TRUE,manual,,,,,,,,,,,,,,,,,,,,,,,,,,,
,diamond-halo-stud-earrings,,,,,,,,EAR0022-18KY-LAB,,,18K Yellow Gold,,,Lab Grown,,,,,2790,,,TRUE,,,,,,,,deny,,,TRUE,manual,,,,,,,,,,,,,,,,,,,,,,,,,,,
,diamond-halo-stud-earrings,,,,,,,,EAR0022-18KY-NAT,,,18K Yellow Gold,,,Natural,,,,,3990,,,TRUE,,,,,,,,deny,,,TRUE,manual,,,,,,,,,,,,,,,,,,,,,,,,,,,
,diamond-halo-stud-earrings,,,,,,,,EAR0022-18KR-LAB,,,18K Rose Gold,,,Lab Grown,,,,,6290,,,TRUE,,,,,,,,deny,,,TRUE,manual,,,,,,,,,,,,,,,,,,,,,,,,,,,
,diamond-halo-stud-earrings,,,,,,,,EAR0022-18KR-NAT,,,18K Rose Gold,,,Natural,,,,,4590,,,TRUE,,,,,,,,deny,,,TRUE,manual,,,,,,,,,,,,,,,,,,,,,,,,,,,
,diamond-halo-stud-earrings,,,,,,,,EAR0022-18KW-LAB,,,18K White Gold,,,Lab Grown,,,,,7390,,,TRUE,,,,,,,,deny,,,TRUE,manual,,,,,,,,,,,,,,,,,,,,,,,,,,,
,diamond-halo-stud-earrings,,,,,,,,EAR0022-18KW-NAT,,,18K White Gold,,,Natural,,,,,14090,,,TRUE,,,,,,,,deny,,,TRUE,manual,,,,,,,,,,,,,,,,,,,,,,,,,,,
,diamond-halo-stud-earrings,,,,,,,,EAR0022-PT-LAB,,,Platinum,,,Lab Grown,,,,,3090,,,TRUE,,,,,,,,deny,,,TRUE,manual,,,,,,,,,,,,,,,,,,,,,,,,,,,
,diamond-halo-stud-earrings,,,,,,,,EAR0022-PT-NAT,,,Platinum,,,Natural,,,,,4290,,,TRUE,,,,,,,,deny,,,TRUE,manual,,,,,,,,,,,,,,,,,,,,,,,,,,,
Double Halo Cushion Diamond Stud Earrings,double-halo-cushion-diamond-stud-earrings,"The Double Halo Cushion Diamond Stud Earrings feature a brilliant round centre diamond framed by two concentric pavé halos within a softly rounded cushion silhouette. Showcasing 2 round brilliant centre diamonds and 84 round brilliant accent diamonds with an approx. total diamond weight of 3.89 carats, these statement studs deliver extraordinary sparkle with timeless elegance.<!-- split --><p>The Double Halo Cushion Diamond Stud Earrings are designed to maximise brilliance through a luxurious double halo composition. Featuring 2 round brilliant centre diamonds surrounded by 84 pavé-set round brilliant accent diamonds, with an approx. total diamond weight of 3.89 carats, the softly rounded cushion silhouette enhances the visual presence of the centre stones while creating exceptional fire from every angle.</p><p>Crafted in your choice of premium gold or platinum, the elevated open gallery allows light to flow freely through the centre diamonds for enhanced brilliance. Finished with secure post and butterfly backs, these sophisticated earrings balance bold glamour with timeless refinement, making them an exceptional choice for both milestone occasions and elevated everyday luxury.</p>",Arlena,Apparel & Accessories > Jewelry > Earrings,Earrings,"Earrings, Stud Earrings, Double Halo Earrings, Cushion Halo Earrings, Diamond Stud Earrings, Round Brilliant Diamonds, Pavé Diamond Earrings, Statement Earrings, Luxury Jewellery, Fine Jewellery, Arlena",TRUE,active,EAR0023-10KY-LAB,,Metal,10K Yellow Gold,,Diamond,Lab Grown,,,,,2490,,,TRUE,,,,,,,,deny,,,TRUE,manual,,,,,FALSE,Double Halo Cushion Diamond Stud Earrings | Arlena,Discover Arlena's Double Halo Cushion Diamond Stud Earrings featuring 2 round brilliant centre diamonds and 84 pavé-set accent diamonds with an approx. total diamond weight of 3.89 carats.,,,,,,,,New,FALSE,,,,,,Round Brilliant,,,Approx. 3.89 ct,"Four Claw Centre, Double Pavé Halo",Australia
,double-halo-cushion-diamond-stud-earrings,,,,,,,,EAR0023-10KY-NAT,,,10K Yellow Gold,,,Natural,,,,,3690,,,TRUE,,,,,,,,deny,,,TRUE,manual,,,,,,,,,,,,,,,,,,,,,,,,,,,
,double-halo-cushion-diamond-stud-earrings,,,,,,,,EAR0023-10KR-LAB,,,10K Rose Gold,,,Lab Grown,,,,,5990,,,TRUE,,,,,,,,deny,,,TRUE,manual,,,,,,,,,,,,,,,,,,,,,,,,,,,
,double-halo-cushion-diamond-stud-earrings,,,,,,,,EAR0023-10KR-NAT,,,10K Rose Gold,,,Natural,,,,,4290,,,TRUE,,,,,,,,deny,,,TRUE,manual,,,,,,,,,,,,,,,,,,,,,,,,,,,
,double-halo-cushion-diamond-stud-earrings,,,,,,,,EAR0023-10KW-LAB,,,10K White Gold,,,Lab Grown,,,,,7090,,,TRUE,,,,,,,,deny,,,TRUE,manual,,,,,,,,,,,,,,,,,,,,,,,,,,,
,double-halo-cushion-diamond-stud-earrings,,,,,,,,EAR0023-10KW-NAT,,,10K White Gold,,,Natural,,,,,13790,,,TRUE,,,,,,,,deny,,,TRUE,manual,,,,,,,,,,,,,,,,,,,,,,,,,,,
,double-halo-cushion-diamond-stud-earrings,,,,,,,,EAR0023-14KY-LAB,,,14K Yellow Gold,,,Lab Grown,,,,,2490,,,TRUE,,,,,,,,deny,,,TRUE,manual,,,,,,,,,,,,,,,,,,,,,,,,,,,
,double-halo-cushion-diamond-stud-earrings,,,,,,,,EAR0023-14KY-NAT,,,14K Yellow Gold,,,Natural,,,,,3690,,,TRUE,,,,,,,,deny,,,TRUE,manual,,,,,,,,,,,,,,,,,,,,,,,,,,,
,double-halo-cushion-diamond-stud-earrings,,,,,,,,EAR0023-14KR-LAB,,,14K Rose Gold,,,Lab Grown,,,,,5990,,,TRUE,,,,,,,,deny,,,TRUE,manual,,,,,,,,,,,,,,,,,,,,,,,,,,,
,double-halo-cushion-diamond-stud-earrings,,,,,,,,EAR0023-14KR-NAT,,,14K Rose Gold,,,Natural,,,,,4290,,,TRUE,,,,,,,,deny,,,TRUE,manual,,,,,,,,,,,,,,,,,,,,,,,,,,,
,double-halo-cushion-diamond-stud-earrings,,,,,,,,EAR0023-14KW-LAB,,,14K White Gold,,,Lab Grown,,,,,7090,,,TRUE,,,,,,,,deny,,,TRUE,manual,,,,,,,,,,,,,,,,,,,,,,,,,,,
,double-halo-cushion-diamond-stud-earrings,,,,,,,,EAR0023-14KW-NAT,,,14K White Gold,,,Natural,,,,,13790,,,TRUE,,,,,,,,deny,,,TRUE,manual,,,,,,,,,,,,,,,,,,,,,,,,,,,
,double-halo-cushion-diamond-stud-earrings,,,,,,,,EAR0023-18KY-LAB,,,18K Yellow Gold,,,Lab Grown,,,,,2790,,,TRUE,,,,,,,,deny,,,TRUE,manual,,,,,,,,,,,,,,,,,,,,,,,,,,,
,double-halo-cushion-diamond-stud-earrings,,,,,,,,EAR0023-18KY-NAT,,,18K Yellow Gold,,,Natural,,,,,3990,,,TRUE,,,,,,,,deny,,,TRUE,manual,,,,,,,,,,,,,,,,,,,,,,,,,,,
,double-halo-cushion-diamond-stud-earrings,,,,,,,,EAR0023-18KR-LAB,,,18K Rose Gold,,,Lab Grown,,,,,6290,,,TRUE,,,,,,,,deny,,,TRUE,manual,,,,,,,,,,,,,,,,,,,,,,,,,,,
,double-halo-cushion-diamond-stud-earrings,,,,,,,,EAR0023-18KR-NAT,,,18K Rose Gold,,,Natural,,,,,4590,,,TRUE,,,,,,,,deny,,,TRUE,manual,,,,,,,,,,,,,,,,,,,,,,,,,,,
,double-halo-cushion-diamond-stud-earrings,,,,,,,,EAR0023-18KW-LAB,,,18K White Gold,,,Lab Grown,,,,,7390,,,TRUE,,,,,,,,deny,,,TRUE,manual,,,,,,,,,,,,,,,,,,,,,,,,,,,
,double-halo-cushion-diamond-stud-earrings,,,,,,,,EAR0023-18KW-NAT,,,18K White Gold,,,Natural,,,,,14090,,,TRUE,,,,,,,,deny,,,TRUE,manual,,,,,,,,,,,,,,,,,,,,,,,,,,,
,double-halo-cushion-diamond-stud-earrings,,,,,,,,EAR0023-PT-LAB,,,Platinum,,,Lab Grown,,,,,3090,,,TRUE,,,,,,,,deny,,,TRUE,manual,,,,,,,,,,,,,,,,,,,,,,,,,,,
,double-halo-cushion-diamond-stud-earrings,,,,,,,,EAR0023-PT-NAT,,,Platinum,,,Natural,,,,,4290,,,TRUE,,,,,,,,deny,,,TRUE,manual,,,,,,,,,,,,,,,,,,,,,,,,,,,
